latitude,longitude,brightness,scan,track,satellite,instrument,confidence,version,bright_t31,frp,daynight,type,datetime
36.9832,126.7028,307.5,1.0,1.0,Aqua,MODIS,55,61.03,271.3,13.7,N,2,2023-01-04 17:42:00
36.9865,126.6942,300.0,1.5,1.2,Terra,MODIS,0,61.03,280.1,12.1,D,2,2023-01-10 01:49:00
36.9841,126.6987,305.4,1.1,1.0,Aqua,MODIS,53,61.03,285.4,9.9,D,2,2023-01-10 05:01:00
35.8831,128.1123,310.3,1.0,1.0,Aqua,MODIS,49,61.03,288.1,10.2,D,0,2023-01-12 04:47:00
35.8847,128.1232,396.0,1.0,1.0,Aqua,MODIS,100,61.03,298.6,232.1,D,0,2023-01-12 04:47:00
35.8863,128.1341,324.9,1.0,1.0,Aqua,MODIS,83,61.03,287.5,24.0,D,0,2023-01-12 04:47:00
35.094,128.8591,302.6,1.0,1.0,Aqua,MODIS,40,61.03,292.1,4.4,D,2,2023-01-12 04:47:00
36.9858,126.702,311.3,1.0,1.0,Aqua,MODIS,61,61.03,289.7,11.2,D,2,2023-01-12 04:48:00
36.9841,126.6908,310.5,1.0,1.0,Aqua,MODIS,61,61.03,288.0,10.8,D,2,2023-01-12 04:48:00
36.9863,126.7059,303.5,1.2,1.1,Terra,MODIS,49,61.03,280.1,12.2,D,2,2023-01-18 02:23:00
35.9223,128.8959,306.1,1.0,1.0,Aqua,MODIS,55,61.03,281.0,9.6,D,0,2023-01-19 04:50:00
36.9855,126.7019,301.9,1.0,1.0,Terra,MODIS,50,61.03,278.2,8.2,D,2,2023-01-20 02:07:00
36.984,126.7129,301.2,1.0,1.0,Terra,MODIS,42,61.03,278.7,7.9,D,2,2023-01-20 02:07:00
36.9828,126.6977,301.6,1.3,1.1,Aqua,MODIS,36,61.03,286.3,9.9,D,2,2023-01-31 05:09:00
36.984,126.7071,301.7,1.0,1.0,Terra,MODIS,37,61.03,282.9,7.2,D,2,2023-02-01 02:10:00
35.3081,128.3043,303.0,1.0,1.0,Aqua,MODIS,55,61.03,286.1,6.2,D,0,2023-02-04 04:42:00
34.5298,126.7077,316.3,1.2,1.1,Aqua,MODIS,65,61.03,282.4,21.6,D,0,2023-02-04 04:42:00
34.7479,126.5264,303.8,1.2,1.1,Aqua,MODIS,53,61.03,282.0,10.3,D,0,2023-02-04 04:42:00
35.4606,127.799,302.8,1.1,1.0,Aqua,MODIS,54,61.03,282.3,7.9,D,0,2023-02-04 04:42:00
35.7208,127.6406,300.7,1.1,1.0,Aqua,MODIS,41,61.03,279.6,8.2,D,0,2023-02-04 04:42:00
36.9789,126.7108,301.1,1.1,1.0,Aqua,MODIS,38,61.03,284.9,6.6,D,2,2023-02-04 04:43:00
37.8043,126.7672,305.0,1.1,1.0,Aqua,MODIS,60,61.03,279.4,9.7,D,2,2023-02-04 04:43:00
35.3806,127.0979,306.1,2.3,1.5,Aqua,MODIS,63,61.03,285.3,29.4,D,0,2023-02-05 05:24:00
36.9875,126.7098,300.7,1.3,1.1,Aqua,MODIS,32,61.03,275.3,14.4,N,2,2023-02-05 17:26:00
37.0497,126.826,301.7,1.1,1.1,Terra,MODIS,48,61.03,278.0,8.7,D,0,2023-02-06 02:19:00
36.9828,126.7046,300.9,1.1,1.1,Terra,MODIS,34,61.03,280.7,7.0,D,2,2023-02-06 02:19:00
36.9264,126.7747,317.7,1.1,1.1,Terra,MODIS,78,61.03,274.9,22.8,D,0,2023-02-06 02:19:00
36.001,129.3975,300.3,1.1,1.0,Terra,MODIS,29,61.03,287.4,4.4,D,2,2023-02-08 02:03:00
35.0942,128.8601,300.8,1.0,1.0,Terra,MODIS,22,61.03,287.8,4.4,D,2,2023-02-08 02:03:00
35.0998,127.7921,317.7,1.0,1.0,Terra,MODIS,78,61.03,283.9,18.0,D,0,2023-02-08 02:03:00
36.9847,126.7104,300.4,1.2,1.1,Aqua,MODIS,26,61.03,274.6,12.1,N,2,2023-02-19 17:31:00
35.0963,128.864,300.6,1.1,1.0,Terra,MODIS,20,61.03,285.5,5.6,D,2,2023-02-20 02:05:00
35.162,127.954,300.8,1.3,1.1,Aqua,MODIS,39,61.03,281.6,8.9,D,2,2023-02-20 04:33:00
38.0338,127.2325,307.7,1.3,1.1,Aqua,MODIS,66,61.03,279.4,16.2,D,0,2023-02-20 04:34:00
36.9894,126.6968,302.5,1.4,1.2,Terra,MODIS,0,61.03,282.6,10.2,D,2,2023-02-22 01:49:00
36.2844,126.8827,301.8,1.1,1.0,Terra,MODIS,33,61.03,282.1,6.7,D,0,2023-02-25 02:14:00
35.8043,127.6295,306.3,1.2,1.1,Terra,MODIS,59,61.03,278.4,12.5,D,0,2023-02-25 02:14:00
35.7985,127.6344,308.5,1.2,1.1,Terra,MODIS,67,61.03,276.8,15.5,D,0,2023-02-25 02:14:00
34.5617,126.46,310.6,1.1,1.0,Aqua,MODIS,62,61.03,283.5,12.3,D,0,2023-02-25 04:48:00
34.6843,126.934,301.4,1.0,1.0,Aqua,MODIS,44,61.03,287.4,5.6,D,0,2023-02-25 04:48:00
34.7416,126.3092,327.9,1.1,1.0,Aqua,MODIS,0,61.03,282.3,32.2,D,0,2023-02-25 04:48:00
34.9207,126.6746,300.5,1.0,1.0,Aqua,MODIS,38,61.03,284.3,4.5,D,0,2023-02-25 04:48:00
34.971,126.756,300.3,1.0,1.0,Aqua,MODIS,34,61.03,285.5,4.3,D,0,2023-02-25 04:48:00
35.0891,126.2245,311.1,1.1,1.0,Aqua,MODIS,0,61.03,282.6,13.6,D,0,2023-02-25 04:48:00
34.9385,126.3213,309.6,1.1,1.0,Aqua,MODIS,0,61.03,283.1,10.9,D,0,2023-02-25 04:48:00
34.3621,126.5384,311.7,1.1,1.0,Aqua,MODIS,44,61.03,284.4,14.2,D,0,2023-02-25 04:48:00
34.555,126.4682,306.5,1.1,1.0,Aqua,MODIS,18,61.03,282.8,7.9,D,0,2023-02-25 04:48:00
36.1655,126.5834,300.4,1.0,1.0,Aqua,MODIS,36,61.03,282.5,5.6,D,0,2023-02-25 04:49:00
35.3505,127.2969,302.3,1.0,1.0,Aqua,MODIS,40,61.03,286.7,5.8,D,0,2023-02-25 04:49:00
35.5976,126.8544,300.6,1.0,1.0,Aqua,MODIS,39,61.03,283.9,4.4,D,2,2023-02-25 04:49:00
35.9242,128.8975,304.9,1.0,1.0,Aqua,MODIS,60,61.03,288.7,5.5,D,0,2023-02-25 04:49:00
36.9815,126.7111,306.0,1.0,1.0,Terra,MODIS,66,61.03,274.6,12.2,N,2,2023-02-25 13:16:00
37.4853,129.0553,304.0,1.0,1.0,Terra,MODIS,58,61.03,288.2,6.7,D,2,2023-02-27 01:57:00
36.9795,126.7071,306.1,1.1,1.0,Terra,MODIS,50,61.03,288.1,7.4,D,2,2023-02-27 01:58:00
35.8489,128.3568,301.1,1.0,1.0,Terra,MODIS,33,61.03,286.8,5.0,D,0,2023-02-27 01:58:00
35.099,128.8694,304.4,1.0,1.0,Terra,MODIS,47,61.03,290.9,4.0,D,2,2023-02-27 01:58:00
35.1577,127.9507,316.8,1.3,1.1,Aqua,MODIS,68,61.03,291.1,19.1,D,2,2023-02-27 04:35:00
35.1595,127.9588,314.8,1.3,1.1,Aqua,MODIS,57,61.03,289.8,16.5,D,2,2023-02-27 04:35:00
35.1571,127.9454,308.1,1.3,1.1,Aqua,MODIS,30,61.03,291.2,9.8,D,2,2023-02-27 04:35:00
35.2433,128.1447,305.9,1.2,1.1,Aqua,MODIS,60,61.03,294.2,7.3,D,0,2023-02-27 04:35:00
35.6302,126.9492,310.0,1.4,1.2,Aqua,MODIS,48,61.03,291.8,11.7,D,2,2023-02-27 04:35:00
35.6275,126.9343,316.1,1.4,1.2,Aqua,MODIS,76,61.03,292.1,18.8,D,0,2023-02-27 04:35:00
36.1833,127.0347,305.4,1.3,1.1,Aqua,MODIS,54,61.03,292.6,6.6,D,0,2023-02-27 04:35:00
36.5239,128.4484,302.8,1.1,1.1,Aqua,MODIS,32,61.03,292.6,6.0,D,0,2023-02-27 04:35:00
36.3129,126.9557,302.5,1.3,1.1,Aqua,MODIS,42,61.03,291.2,6.6,D,0,2023-02-27 04:35:00
37.5013,127.0535,300.4,1.3,1.1,Aqua,MODIS,36,61.03,286.9,5.6,D,2,2023-02-27 04:36:00
35.9643,127.1736,305.2,1.8,1.3,Aqua,MODIS,49,61.03,290.3,10.9,D,0,2023-02-28 05:17:00
35.9703,127.1671,305.7,1.8,1.3,Aqua,MODIS,62,61.03,290.0,12.8,D,0,2023-02-28 05:17:00
36.9745,126.5842,308.8,1.7,1.3,Aqua,MODIS,59,61.03,286.1,17.6,D,0,2023-02-28 05:18:00
38.1057,127.0255,303.6,1.3,1.1,Terra,MODIS,56,61.03,276.8,11.3,D,0,2023-03-02 02:22:00
36.9816,126.7086,304.2,1.3,1.1,Terra,MODIS,55,61.03,285.4,8.7,D,2,2023-03-02 02:22:00
38.1082,127.0116,304.6,1.3,1.1,Terra,MODIS,59,61.03,278.7,11.8,D,0,2023-03-02 02:22:00
35.1983,128.6916,302.9,1.8,1.3,Terra,MODIS,11,61.03,286.4,15.3,D,2,2023-03-02 02:23:00
35.1601,127.9444,303.6,1.6,1.3,Terra,MODIS,56,61.03,284.0,15.3,D,0,2023-03-02 02:23:00
35.0913,126.8965,304.4,1.4,1.2,Terra,MODIS,59,61.03,280.0,14.0,D,0,2023-03-02 02:23:00
35.7365,126.8017,304.0,1.1,1.1,Aqua,MODIS,58,61.03,284.3,6.2,D,0,2023-03-02 05:04:00
35.7417,126.8076,300.4,1.1,1.1,Aqua,MODIS,36,61.03,284.9,4.1,D,0,2023-03-02 05:04:00
36.9787,126.6978,305.5,1.1,1.1,Aqua,MODIS,48,61.03,289.8,7.1,D,2,2023-03-02 05:04:00
36.9909,126.6999,309.2,1.1,1.0,Terra,MODIS,75,61.03,273.2,14.7,N,2,2023-03-02 13:25:00
35.1551,127.9429,302.9,1.0,1.0,Aqua,MODIS,54,61.03,288.6,5.3,D,2,2023-03-04 04:50:00
35.0189,127.0231,322.0,1.0,1.0,Aqua,MODIS,77,61.03,280.3,21.6,D,0,2023-03-04 04:50:00
35.1642,126.4059,303.4,1.0,1.0,Aqua,MODIS,47,61.03,289.7,6.1,D,0,2023-03-04 04:50:00
38.2164,127.2195,301.3,1.0,1.0,Aqua,MODIS,28,61.03,289.7,3.8,D,2,2023-03-04 04:51:00
36.51,129.0528,314.3,1.1,1.0,Terra,MODIS,65,61.03,285.0,13.1,D,0,2023-03-06 01:50:00
37.4855,129.0558,303.0,1.1,1.0,Terra,MODIS,55,61.03,291.8,4.9,D,2,2023-03-06 01:50:00
36.9864,126.6962,313.8,1.3,1.1,Terra,MODIS,0,61.03,292.9,14.9,D,2,2023-03-06 01:50:00
36.9848,126.7108,312.9,1.3,1.1,Terra,MODIS,63,61.03,294.3,14.4,D,2,2023-03-06 01:50:00
36.5009,129.0508,324.2,1.1,1.0,Terra,MODIS,83,61.03,286.1,24.0,D,0,2023-03-06 01:50:00
34.8145,127.6627,303.4,1.1,1.1,Terra,MODIS,36,61.03,291.6,4.9,D,2,2023-03-06 01:51:00
35.1585,127.9566,306.5,1.2,1.1,Aqua,MODIS,58,61.03,292.1,8.2,D,2,2023-03-06 04:37:00
35.2462,128.1538,307.6,1.2,1.1,Aqua,MODIS,65,61.03,295.7,6.9,D,0,2023-03-06 04:37:00
35.6406,127.2852,303.5,1.3,1.1,Aqua,MODIS,23,61.03,292.3,5.0,D,0,2023-03-06 04:37:00
36.3767,128.4529,308.9,1.1,1.1,Aqua,MODIS,67,61.03,295.0,6.8,D,0,2023-03-06 04:37:00
36.1838,127.0257,307.3,1.3,1.1,Aqua,MODIS,55,61.03,294.9,6.1,D,0,2023-03-06 04:37:00
37.2328,128.4214,303.2,1.1,1.0,Aqua,MODIS,55,61.03,292.1,5.6,D,0,2023-03-06 04:37:00
36.9863,126.6985,304.5,1.7,1.3,Terra,MODIS,0,61.03,290.4,8.9,D,2,2023-03-07 02:31:00
36.9826,126.7168,305.0,1.7,1.3,Terra,MODIS,46,61.03,290.2,9.2,D,2,2023-03-07 02:31:00
36.9846,126.7111,307.1,1.7,1.3,Terra,MODIS,30,61.03,291.0,11.0,D,2,2023-03-07 02:31:00
35.2062,126.8054,306.1,1.1,1.1,Terra,MODIS,31,61.03,289.8,4.9,D,2,2023-03-09 02:16:00
36.9774,126.6977,315.6,1.2,1.1,Aqua,MODIS,70,61.03,291.0,14.1,D,2,2023-03-09 05:06:00
35.279,127.6536,330.9,1.0,1.0,Aqua,MODIS,87,61.03,285.8,30.1,D,0,2023-03-11 04:52:00
35.2774,127.6427,301.8,1.0,1.0,Aqua,MODIS,43,61.03,283.2,4.3,D,0,2023-03-11 04:52:00
36.9778,126.6994,314.4,1.0,1.0,Aqua,MODIS,16,61.03,300.9,7.0,D,2,2023-03-11 04:52:00
36.4514,127.4149,343.2,1.0,1.0,Aqua,MODIS,100,61.03,278.3,56.6,N,2,2023-03-12 17:36:00
36.4498,127.4261,307.3,1.0,1.0,Aqua,MODIS,71,61.03,273.1,13.9,N,2,2023-03-12 17:36:00
37.4826,129.0599,300.5,1.3,1.1,Terra,MODIS,38,61.03,285.7,7.5,D,2,2023-03-13 01:43:00
35.1348,127.9654,301.8,1.2,1.1,Aqua,MODIS,46,61.03,286.8,6.9,D,0,2023-03-13 04:38:00
35.1743,128.1184,305.9,1.2,1.1,Aqua,MODIS,36,61.03,294.6,7.2,D,2,2023-03-13 04:38:00
35.495,128.8111,303.0,1.1,1.0,Aqua,MODIS,48,61.03,288.9,7.1,D,0,2023-03-13 04:38:00
35.5671,128.2997,301.2,1.1,1.1,Aqua,MODIS,43,61.03,289.0,6.0,D,0,2023-03-13 04:38:00
35.151,128.8597,307.0,1.1,1.0,Aqua,MODIS,42,61.03,291.5,7.9,D,0,2023-03-13 04:38:00
36.9832,126.6999,306.9,1.2,1.1,Aqua,MODIS,56,61.03,282.0,11.1,D,2,2023-03-13 04:39:00
37.4804,129.0498,303.7,1.0,1.0,Aqua,MODIS,55,61.03,289.5,6.6,D,2,2023-03-13 04:39:00
35.8958,126.665,308.2,1.4,1.2,Terra,MODIS,0,61.03,289.7,13.2,D,0,2023-03-14 02:24:00
37.1933,127.5279,305.1,2.2,1.4,Aqua,MODIS,61,61.03,292.4,11.2,D,0,2023-03-14 05:21:00
36.9861,126.7244,305.4,1.1,1.0,Terra,MODIS,64,61.03,279.3,12.1,N,2,2023-03-14 13:26:00
35.1357,127.9713,305.5,1.1,1.0,Terra,MODIS,46,61.03,284.3,8.9,D,0,2023-03-16 02:08:00
37.7559,126.7264,302.3,1.0,1.0,Terra,MODIS,52,61.03,282.4,5.1,D,0,2023-03-16 02:08:00
36.5941,127.3115,302.8,1.0,1.0,Terra,MODIS,49,61.03,290.3,4.1,D,0,2023-03-16 02:08:00
36.3159,126.9541,302.1,1.0,1.0,Terra,MODIS,43,61.03,286.4,4.0,D,0,2023-03-16 02:08:00
36.1841,127.0313,303.5,1.0,1.0,Terra,MODIS,31,61.03,286.7,3.9,D,0,2023-03-16 02:08:00
35.1523,128.8631,305.3,1.2,1.1,Terra,MODIS,61,61.03,288.0,8.1,D,0,2023-03-16 02:08:00
34.5635,126.3971,303.8,1.1,1.1,Aqua,MODIS,35,61.03,290.5,3.7,D,0,2023-03-16 05:07:00
38.2302,127.0123,310.4,2.8,1.6,Aqua,MODIS,37,61.03,277.0,51.9,D,0,2023-03-17 04:12:00
38.2326,127.0067,323.2,2.8,1.6,Aqua,MODIS,76,61.03,277.7,105.1,D,0,2023-03-17 04:12:00
37.423,129.1749,303.1,1.0,1.0,Terra,MODIS,50,61.03,288.5,5.2,D,2,2023-03-18 01:51:00
35.1579,127.9468,306.5,1.0,1.0,Aqua,MODIS,48,61.03,295.1,5.0,D,2,2023-03-18 04:53:00
35.2055,126.8033,305.7,1.0,1.0,Aqua,MODIS,27,61.03,292.4,2.5,D,2,2023-03-18 04:53:00
35.3644,126.5083,304.2,1.0,1.0,Aqua,MODIS,54,61.03,288.8,4.1,D,0,2023-03-18 04:53:00
35.797,127.571,304.9,1.0,1.0,Aqua,MODIS,60,61.03,290.4,5.0,D,0,2023-03-18 04:53:00
35.8918,127.2078,319.3,1.0,1.0,Aqua,MODIS,79,61.03,288.7,14.8,D,0,2023-03-18 04:53:00
35.8903,127.1969,382.1,1.0,1.0,Aqua,MODIS,100,61.03,295.1,159.8,D,0,2023-03-18 04:53:00
36.4045,126.9219,303.7,1.0,1.0,Aqua,MODIS,30,61.03,291.6,3.7,D,0,2023-03-18 04:53:00
36.6811,126.8518,321.2,1.0,1.0,Aqua,MODIS,81,61.03,291.3,17.1,D,2,2023-03-18 04:53:00
36.6795,126.8408,310.2,1.0,1.0,Aqua,MODIS,66,61.03,292.9,7.4,D,2,2023-03-18 04:53:00
36.9857,126.7072,304.9,1.8,1.3,Terra,MODIS,0,61.03,289.8,10.2,D,2,2023-03-19 02:32:00
35.1671,127.9436,301.3,2.4,1.5,Terra,MODIS,37,61.03,290.7,13.1,D,0,2023-03-19 02:33:00
35.7112,128.0042,311.4,1.1,1.1,Aqua,MODIS,15,61.03,299.9,9.0,D,0,2023-03-20 04:39:00
34.6013,127.4389,307.5,1.2,1.1,Aqua,MODIS,62,61.03,283.4,11.4,D,0,2023-03-20 04:39:00
35.1081,128.2228,309.6,1.1,1.1,Aqua,MODIS,60,61.03,296.7,7.6,D,0,2023-03-20 04:39:00
35.1061,128.2108,312.3,1.1,1.1,Aqua,MODIS,64,61.03,297.2,9.4,D,0,2023-03-20 04:39:00
35.1743,128.1253,312.0,1.1,1.1,Aqua,MODIS,55,61.03,299.3,7.9,D,2,2023-03-20 04:39:00
35.8971,129.0832,309.0,1.0,1.0,Aqua,MODIS,58,61.03,294.1,6.3,D,0,2023-03-20 04:39:00
35.8953,129.0719,307.1,1.0,1.0,Aqua,MODIS,32,61.03,294.9,4.6,D,0,2023-03-20 04:39:00
36.9819,126.6923,311.9,1.2,1.1,Aqua,MODIS,54,61.03,294.7,9.4,D,2,2023-03-20 04:40:00
35.9873,128.2578,313.4,1.1,1.0,Aqua,MODIS,63,61.03,297.1,9.0,D,0,2023-03-20 04:40:00
36.9843,126.7056,310.9,1.2,1.1,Aqua,MODIS,61,61.03,295.6,8.6,D,2,2023-03-20 04:40:00
37.1543,127.4901,307.8,1.2,1.1,Terra,MODIS,48,61.03,293.8,6.0,D,0,2023-03-21 02:16:00
36.8836,127.2103,310.6,1.2,1.1,Terra,MODIS,31,61.03,295.6,7.9,D,0,2023-03-21 02:16:00
36.7348,126.9348,303.6,1.1,1.1,Terra,MODIS,29,61.03,292.6,4.2,D,0,2023-03-21 02:16:00
35.1382,126.4822,307.8,1.2,1.1,Terra,MODIS,54,61.03,292.2,6.5,D,0,2023-03-21 02:17:00
35.6198,126.9281,309.7,1.2,1.1,Terra,MODIS,67,61.03,295.5,5.5,D,0,2023-03-21 02:17:00
35.9387,126.6367,309.5,1.1,1.1,Terra,MODIS,50,61.03,295.9,5.3,D,0,2023-03-21 02:17:00
35.6793,126.8115,310.8,1.2,1.1,Terra,MODIS,68,61.03,297.6,6.1,D,0,2023-03-21 02:17:00
35.5042,126.6893,309.8,1.2,1.1,Terra,MODIS,62,61.03,295.8,6.4,D,0,2023-03-21 02:17:00
35.1599,127.9467,304.1,1.4,1.2,Terra,MODIS,53,61.03,289.9,7.6,D,0,2023-03-21 02:17:00
35.2935,127.0269,308.0,1.2,1.1,Terra,MODIS,57,61.03,295.8,8.0,D,0,2023-03-21 02:17:00
38.096,127.6347,306.5,2.3,1.5,Aqua,MODIS,47,61.03,293.7,14.5,D,0,2023-03-21 05:22:00
38.0916,127.6301,308.6,2.3,1.5,Aqua,MODIS,55,61.03,293.7,19.9,D,0,2023-03-21 05:22:00
38.0933,127.6237,301.6,1.0,1.0,Terra,MODIS,43,61.03,280.5,8.5,N,0,2023-03-21 13:19:00
36.9856,126.6954,300.5,1.2,1.1,Terra,MODIS,29,61.03,279.9,10.1,N,2,2023-03-23 13:03:00
36.9927,126.7063,300.5,1.1,1.0,Aqua,MODIS,6,61.03,279.1,7.9,N,2,2023-03-24 17:52:00
36.9782,126.6992,314.1,1.0,1.0,Aqua,MODIS,60,61.03,286.6,12.4,D,2,2023-03-25 04:55:00
37.2027,127.5407,306.0,1.6,1.2,Terra,MODIS,63,61.03,292.8,7.5,D,0,2023-03-26 02:25:00
36.9859,126.7066,309.0,1.4,1.2,Terra,MODIS,51,61.03,293.2,10.5,D,2,2023-03-26 02:25:00
35.1214,128.1734,307.9,1.1,1.0,Aqua,MODIS,61,61.03,295.1,6.7,D,0,2023-03-27 04:40:00
35.2652,128.7655,315.9,1.1,1.0,Aqua,MODIS,61,61.03,302.3,10.8,D,0,2023-03-27 04:40:00
35.1802,128.1215,313.7,1.1,1.1,Aqua,MODIS,65,61.03,300.3,7.8,D,2,2023-03-27 04:40:00
35.2544,128.2455,312.9,1.1,1.0,Aqua,MODIS,73,61.03,294.0,11.4,D,0,2023-03-27 04:40:00
35.2524,128.2338,308.9,1.1,1.0,Aqua,MODIS,67,61.03,293.9,8.2,D,0,2023-03-27 04:40:00
35.0587,126.7935,307.2,1.3,1.1,Aqua,MODIS,60,61.03,293.1,6.3,D,2,2023-03-27 04:40:00
35.0563,126.7799,305.7,1.3,1.1,Aqua,MODIS,48,61.03,293.3,5.0,D,2,2023-03-27 04:40:00
35.4255,128.2164,300.4,1.1,1.0,Aqua,MODIS,36,61.03,288.0,4.4,D,0,2023-03-27 04:40:00
35.8966,129.0745,302.5,1.0,1.0,Aqua,MODIS,43,61.03,291.5,4.1,D,0,2023-03-27 04:40:00
35.8387,128.4164,306.4,1.1,1.0,Aqua,MODIS,46,61.03,294.1,5.5,D,0,2023-03-27 04:40:00
36.6919,127.7847,303.0,1.1,1.0,Aqua,MODIS,45,61.03,291.8,5.1,D,0,2023-03-27 04:41:00
37.0841,127.3462,304.5,1.1,1.1,Aqua,MODIS,47,61.03,290.6,4.5,D,0,2023-03-27 04:41:00
36.9763,126.7105,311.3,1.2,1.1,Aqua,MODIS,57,61.03,296.1,8.0,D,2,2023-03-27 04:41:00
37.7009,128.6745,301.3,1.1,1.0,Terra,MODIS,46,61.03,286.6,5.6,D,0,2023-03-28 02:08:00
37.3436,127.79,300.1,1.0,1.0,Terra,MODIS,27,61.03,287.3,3.6,D,0,2023-03-28 02:09:00
37.1764,127.6171,306.8,1.0,1.0,Terra,MODIS,64,61.03,290.0,5.2,D,0,2023-03-28 02:09:00
36.9082,128.793,302.8,1.1,1.1,Terra,MODIS,42,61.03,287.8,5.9,D,0,2023-03-28 02:09:00
36.8897,128.6397,301.5,1.1,1.1,Terra,MODIS,32,61.03,287.1,4.0,D,0,2023-03-28 02:09:00
36.8617,128.7483,303.2,1.1,1.1,Terra,MODIS,55,61.03,287.4,5.9,D,0,2023-03-28 02:09:00
36.8596,128.7608,301.7,1.1,1.1,Terra,MODIS,48,61.03,288.6,4.8,D,0,2023-03-28 02:09:00
36.1392,128.4503,311.9,1.1,1.1,Terra,MODIS,33,61.03,295.2,10.1,D,0,2023-03-28 02:09:00
36.0962,128.3827,315.5,1.1,1.1,Terra,MODIS,0,61.03,296.5,10.5,D,2,2023-03-28 02:09:00
36.0364,128.393,307.6,1.1,1.1,Terra,MODIS,0,61.03,291.3,6.7,D,0,2023-03-28 02:09:00
35.938,128.8285,309.9,1.2,1.1,Terra,MODIS,30,61.03,295.7,8.3,D,0,2023-03-28 02:09:00
35.9352,128.2918,310.6,1.1,1.1,Terra,MODIS,36,61.03,294.6,8.4,D,2,2023-03-28 02:09:00
35.8766,128.468,306.7,1.1,1.1,Terra,MODIS,34,61.03,295.0,6.5,D,0,2023-03-28 02:09:00
35.8641,128.542,310.8,1.2,1.1,Terra,MODIS,45,61.03,295.7,7.6,D,2,2023-03-28 02:09:00
35.799,128.4933,307.6,1.1,1.1,Terra,MODIS,38,61.03,293.0,7.2,D,2,2023-03-28 02:09:00
35.6827,128.458,311.3,1.1,1.1,Terra,MODIS,67,61.03,295.4,10.4,D,0,2023-03-28 02:09:00
35.6342,128.4265,313.7,1.1,1.1,Terra,MODIS,54,61.03,296.7,10.9,D,0,2023-03-28 02:09:00
35.4175,129.1509,306.4,1.2,1.1,Terra,MODIS,40,61.03,294.9,8.0,D,0,2023-03-28 02:09:00
35.2667,128.7736,321.0,1.2,1.1,Terra,MODIS,81,61.03,297.9,20.7,D,0,2023-03-28 02:09:00
35.2433,128.6216,307.9,1.2,1.1,Terra,MODIS,32,61.03,295.6,6.8,D,2,2023-03-28 02:09:00
35.546,126.6663,303.6,1.0,1.0,Terra,MODIS,46,61.03,286.6,4.2,D,0,2023-03-28 02:09:00
35.1479,128.9803,310.3,1.2,1.1,Terra,MODIS,22,61.03,297.3,10.8,D,2,2023-03-28 02:09:00
35.2565,128.2308,303.4,1.1,1.1,Terra,MODIS,20,61.03,291.9,5.0,D,0,2023-03-28 02:09:00
35.2544,128.243,310.2,1.1,1.1,Terra,MODIS,67,61.03,291.1,10.0,D,0,2023-03-28 02:09:00
35.2253,128.1852,303.1,1.1,1.1,Terra,MODIS,24,61.03,292.2,4.9,D,0,2023-03-28 02:09:00
35.0949,128.8655,316.8,1.2,1.1,Terra,MODIS,25,61.03,299.0,14.4,D,2,2023-03-28 02:09:00
35.19,128.2467,306.0,1.1,1.1,Terra,MODIS,63,61.03,293.4,6.2,D,0,2023-03-28 02:09:00
35.188,128.2589,305.1,1.1,1.1,Terra,MODIS,61,61.03,293.5,5.5,D,0,2023-03-28 02:09:00
35.1804,128.1305,309.0,1.1,1.1,Terra,MODIS,59,61.03,295.5,6.3,D,2,2023-03-28 02:09:00
35.1731,128.1161,309.3,1.1,1.1,Terra,MODIS,52,61.03,296.6,6.9,D,2,2023-03-28 02:09:00
35.1329,128.1817,304.8,1.1,1.1,Terra,MODIS,29,61.03,292.8,4.8,D,0,2023-03-28 02:09:00
35.1288,128.1743,305.2,1.1,1.1,Terra,MODIS,50,61.03,292.8,5.9,D,0,2023-03-28 02:09:00
34.757,127.2618,306.9,1.1,1.0,Terra,MODIS,0,61.03,290.9,6.7,D,0,2023-03-28 02:09:00
36.9807,126.6989,310.6,1.8,1.3,Aqua,MODIS,0,61.03,297.5,12.3,D,2,2023-03-29 04:27:00
37.4826,129.0533,314.1,1.0,1.0,Terra,MODIS,72,61.03,299.7,9.1,D,2,2023-03-30 01:52:00
37.1543,128.1246,311.2,1.5,1.2,Aqua,MODIS,57,61.03,286.3,14.2,D,0,2023-03-30 05:09:00
38.1157,127.7152,321.3,1.5,1.2,Aqua,MODIS,61,61.03,299.4,23.3,D,2,2023-03-30 05:09:00
38.128,127.7291,317.6,1.5,1.2,Aqua,MODIS,59,61.03,295.5,17.4,D,0,2023-03-30 05:09:00
38.1264,127.7128,385.1,1.5,1.2,Aqua,MODIS,100,61.03,302.3,300.7,D,0,2023-03-30 05:09:00
33.3097,126.7262,314.4,2.3,1.5,Terra,MODIS,53,61.03,292.9,31.1,D,0,2023-03-31 02:34:00
37.4829,129.0507,307.9,1.5,1.2,Terra,MODIS,56,61.03,296.2,9.3,D,2,2023-04-01 01:36:00
36.9836,126.6996,325.4,1.0,1.0,Aqua,MODIS,73,61.03,306.8,14.0,D,2,2023-04-01 04:55:00
37.4642,127.6347,309.3,1.2,1.1,Terra,MODIS,62,61.03,297.2,6.8,D,0,2023-04-02 02:17:00
37.4618,127.648,338.2,1.2,1.1,Terra,MODIS,90,61.03,297.5,50.6,D,0,2023-04-02 02:17:00
36.9855,126.6992,314.9,1.1,1.1,Terra,MODIS,63,61.03,300.8,7.4,D,2,2023-04-02 02:17:00
36.9834,126.7117,317.5,1.1,1.1,Terra,MODIS,70,61.03,302.2,10.2,D,2,2023-04-02 02:17:00
36.5609,126.5187,318.9,1.1,1.1,Terra,MODIS,76,61.03,295.9,15.5,D,0,2023-04-02 02:17:00
36.5588,126.531,328.1,1.1,1.1,Terra,MODIS,84,61.03,295.1,27.1,D,0,2023-04-02 02:17:00
36.3255,126.9222,311.1,1.2,1.1,Terra,MODIS,49,61.03,299.4,6.8,D,0,2023-04-02 02:17:00
35.2872,127.2992,313.3,1.3,1.1,Terra,MODIS,41,61.03,299.6,11.4,D,2,2023-04-02 02:18:00
35.1586,127.9427,305.5,1.4,1.2,Terra,MODIS,29,61.03,294.9,6.9,D,0,2023-04-02 02:18:00
36.2197,127.3376,316.6,4.7,2.0,Aqua,MODIS,66,61.03,293.2,122.3,D,0,2023-04-02 04:00:00
37.5775,126.9375,313.9,4.6,2.0,Aqua,MODIS,45,61.03,296.5,83.4,D,2,2023-04-02 04:00:00
37.5767,126.9453,314.7,4.6,2.0,Aqua,MODIS,0,61.03,296.6,89.4,D,2,2023-04-02 04:00:00
36.369,127.5435,315.2,4.6,2.0,Aqua,MODIS,0,61.03,292.0,108.8,D,0,2023-04-02 04:00:00
36.3684,127.5471,316.2,4.6,2.0,Aqua,MODIS,0,61.03,292.0,108.2,D,0,2023-04-02 04:00:00
36.2362,127.3291,313.3,4.7,2.0,Aqua,MODIS,57,61.03,292.1,92.9,D,0,2023-04-02 04:00:00
36.2964,128.4458,310.0,4.1,1.9,Aqua,MODIS,21,61.03,293.2,61.5,D,0,2023-04-02 04:00:00
36.3718,127.5274,311.5,3.8,1.8,Aqua,MODIS,0,61.03,294.8,52.7,D,0,2023-04-02 05:37:00
36.2329,127.3404,329.4,3.7,1.8,Aqua,MODIS,82,61.03,294.6,167.4,D,0,2023-04-02 05:37:00
36.3882,126.6764,316.4,3.4,1.7,Aqua,MODIS,57,61.03,297.9,56.9,D,2,2023-04-02 05:37:00
36.5473,126.5471,326.7,3.3,1.7,Aqua,MODIS,75,61.03,298.9,100.1,D,0,2023-04-02 05:37:00
36.5452,126.5102,370.0,3.3,1.7,Aqua,MODIS,0,61.03,295.2,617.6,D,0,2023-04-02 05:37:00
36.5431,126.4739,386.4,3.3,1.7,Aqua,MODIS,100,61.03,298.8,1037.5,D,3,2023-04-02 05:37:00
36.5606,126.5087,318.6,3.3,1.7,Aqua,MODIS,53,61.03,297.7,52.6,D,0,2023-04-02 05:37:00
36.558,126.5007,328.6,3.3,1.7,Aqua,MODIS,62,61.03,297.7,109.5,D,0,2023-04-02 05:38:00
36.5599,126.5374,317.3,3.3,1.7,Aqua,MODIS,64,61.03,299.1,46.0,D,0,2023-04-02 05:38:00
36.2452,127.3709,300.8,1.0,1.0,Terra,MODIS,16,61.03,284.4,5.9,N,0,2023-04-02 13:19:00
36.2347,127.3614,324.8,1.0,1.0,Terra,MODIS,100,61.03,286.0,24.7,N,0,2023-04-02 13:19:00
36.2362,127.3727,302.9,1.0,1.0,Terra,MODIS,19,61.03,284.6,6.9,N,0,2023-04-02 13:19:00
36.2214,127.3298,316.2,1.0,1.0,Terra,MODIS,93,61.03,286.7,16.8,N,0,2023-04-02 13:19:00
36.3785,127.545,304.3,1.0,1.0,Terra,MODIS,59,61.03,284.6,8.7,N,0,2023-04-02 13:19:00
36.3799,127.5562,326.5,1.0,1.0,Terra,MODIS,100,61.03,286.3,28.5,N,0,2023-04-02 13:19:00
36.57,126.4996,309.8,1.0,1.0,Terra,MODIS,58,61.03,285.5,10.8,N,0,2023-04-02 13:19:00
36.5569,126.5363,312.9,1.0,1.0,Terra,MODIS,50,61.03,286.3,13.2,N,0,2023-04-02 13:19:00
36.542,126.4944,315.1,1.0,1.0,Terra,MODIS,91,61.03,286.4,14.9,N,0,2023-04-02 13:19:00
36.9849,126.7037,305.7,1.0,1.0,Terra,MODIS,9,61.03,289.4,8.8,N,2,2023-04-02 13:20:00
36.9834,126.6926,305.2,1.0,1.0,Terra,MODIS,31,61.03,288.5,8.5,N,2,2023-04-02 13:20:00
36.9135,126.514,307.5,1.0,1.0,Terra,MODIS,72,61.03,283.3,10.9,N,0,2023-04-02 13:20:00
36.5607,126.5313,305.6,1.0,1.0,Aqua,MODIS,37,61.03,283.0,10.0,N,0,2023-04-02 17:39:00
36.5591,126.5426,301.8,1.0,1.0,Aqua,MODIS,29,61.03,282.6,8.0,N,0,2023-04-02 17:39:00
36.3884,127.5637,306.9,1.0,1.0,Aqua,MODIS,51,61.03,283.4,10.0,N,0,2023-04-02 17:39:00
36.3803,127.555,305.9,1.0,1.0,Aqua,MODIS,66,61.03,281.9,10.7,N,0,2023-04-02 17:39:00
36.2317,127.3699,311.0,1.0,1.0,Aqua,MODIS,75,61.03,281.4,12.9,N,0,2023-04-02 17:39:00
36.2285,127.3284,301.5,1.0,1.0,Aqua,MODIS,42,61.03,281.5,7.7,N,0,2023-04-02 17:39:00
36.2269,127.3394,316.9,1.0,1.0,Aqua,MODIS,94,61.03,283.2,18.8,N,0,2023-04-02 17:39:00
36.9898,126.6974,300.3,1.0,1.0,Aqua,MODIS,19,61.03,285.8,7.1,N,2,2023-04-02 17:39:00
36.9882,126.7089,306.8,1.0,1.0,Aqua,MODIS,69,61.03,287.7,11.4,N,2,2023-04-02 17:39:00
36.913,126.5103,303.5,1.0,1.0,Aqua,MODIS,55,61.03,281.4,9.8,N,0,2023-04-02 17:39:00
36.5476,126.5195,324.9,4.6,2.0,Terra,MODIS,0,61.03,295.7,175.5,D,0,2023-04-03 02:58:00
36.5347,126.5679,313.1,4.6,2.0,Terra,MODIS,49,61.03,296.6,77.2,D,0,2023-04-03 02:58:00
36.5465,126.5138,323.2,4.6,2.0,Terra,MODIS,0,61.03,295.4,158.5,D,0,2023-04-03 02:58:00
36.5339,126.5623,313.7,4.6,2.0,Terra,MODIS,51,61.03,296.5,80.9,D,0,2023-04-03 02:58:00
36.2185,127.3594,315.9,1.1,1.1,Aqua,MODIS,69,61.03,296.5,11.3,D,0,2023-04-03 04:41:00
35.3627,128.7782,310.6,1.0,1.0,Aqua,MODIS,11,61.03,296.0,5.2,D,0,2023-04-03 04:41:00
35.4086,129.0692,308.1,1.0,1.0,Aqua,MODIS,36,61.03,295.7,5.8,D,0,2023-04-03 04:41:00
35.1277,128.1792,310.8,1.1,1.0,Aqua,MODIS,50,61.03,299.7,5.6,D,0,2023-04-03 04:41:00
34.9817,127.249,307.9,1.2,1.1,Aqua,MODIS,45,61.03,297.0,7.0,D,0,2023-04-03 04:41:00
34.9912,127.2468,341.2,1.2,1.1,Aqua,MODIS,69,61.03,296.0,55.4,D,0,2023-04-03 04:41:00
35.1858,128.2555,312.2,1.1,1.0,Aqua,MODIS,38,61.03,300.9,6.9,D,0,2023-04-03 04:41:00
35.2221,128.1858,310.0,1.1,1.0,Aqua,MODIS,50,61.03,298.7,6.7,D,0,2023-04-03 04:41:00
35.3053,128.3053,315.3,1.1,1.0,Aqua,MODIS,71,61.03,299.6,7.1,D,0,2023-04-03 04:41:00
35.1325,126.5113,319.3,1.3,1.1,Aqua,MODIS,66,61.03,296.2,18.5,D,0,2023-04-03 04:41:00
36.2122,127.322,307.5,1.1,1.1,Aqua,MODIS,31,61.03,296.9,4.0,D,0,2023-04-03 04:41:00
37.1319,128.5958,311.2,1.0,1.0,Aqua,MODIS,57,61.03,298.0,6.4,D,0,2023-04-03 04:42:00
36.5626,126.5212,318.0,1.2,1.1,Aqua,MODIS,44,61.03,300.9,9.6,D,0,2023-04-03 04:42:00
36.5602,126.5079,328.3,1.2,1.1,Aqua,MODIS,82,61.03,303.0,24.2,D,0,2023-04-03 04:42:00
36.5722,126.5184,334.9,1.2,1.1,Aqua,MODIS,87,61.03,301.9,36.5,D,0,2023-04-03 04:42:00
36.5698,126.5052,421.5,1.2,1.1,Aqua,MODIS,100,61.03,309.5,535.4,D,0,2023-04-03 04:42:00
36.5675,126.4919,334.6,1.2,1.1,Aqua,MODIS,87,61.03,299.6,35.5,D,0,2023-04-03 04:42:00
37.1301,128.5842,311.6,1.0,1.0,Aqua,MODIS,61,61.03,299.5,6.9,D,0,2023-04-03 04:42:00
37.479,129.0522,311.6,1.0,1.0,Aqua,MODIS,64,61.03,299.1,8.2,D,2,2023-04-03 04:42:00
37.547,127.2642,316.2,1.1,1.0,Aqua,MODIS,71,61.03,297.6,12.1,D,0,2023-04-03 04:42:00
37.5448,127.2511,319.3,1.1,1.0,Aqua,MODIS,71,61.03,299.5,15.2,D,0,2023-04-03 04:42:00
37.3923,126.7049,310.4,1.4,1.2,Terra,MODIS,0,61.03,294.5,13.4,D,2,2023-04-07 02:25:00
35.7284,128.4638,300.8,2.0,1.4,Terra,MODIS,35,61.03,290.1,12.0,D,2,2023-04-07 02:26:00
35.4421,128.7961,304.6,2.1,1.4,Terra,MODIS,54,61.03,289.9,17.5,D,0,2023-04-07 02:26:00
35.1627,127.9358,302.3,1.9,1.3,Terra,MODIS,34,61.03,291.1,10.9,D,0,2023-04-07 02:26:00
35.1718,127.9254,306.4,1.0,1.0,Aqua,MODIS,55,61.03,292.8,5.8,D,0,2023-04-08 04:56:00
36.9836,126.6939,318.2,1.0,1.0,Aqua,MODIS,35,61.03,300.2,10.6,D,2,2023-04-08 04:56:00
37.3624,127.5789,305.1,1.0,1.0,Aqua,MODIS,58,61.03,292.0,4.3,D,0,2023-04-08 04:56:00
37.4813,129.0547,308.6,1.2,1.1,Terra,MODIS,66,61.03,297.4,8.6,D,2,2023-04-09 02:09:00
37.5903,127.845,303.5,1.1,1.0,Terra,MODIS,31,61.03,292.0,5.0,D,0,2023-04-09 02:09:00
36.8881,128.6001,303.8,1.2,1.1,Terra,MODIS,50,61.03,291.5,4.3,D,0,2023-04-09 02:09:00
37.0044,127.4494,311.1,1.1,1.0,Terra,MODIS,49,61.03,293.1,7.7,D,0,2023-04-09 02:09:00
36.9921,126.701,321.8,1.0,1.0,Terra,MODIS,36,61.03,298.0,12.0,D,2,2023-04-09 02:09:00
36.5542,128.11,307.3,1.1,1.1,Terra,MODIS,64,61.03,290.2,7.5,D,0,2023-04-09 02:09:00
36.5401,128.1953,305.2,1.1,1.1,Terra,MODIS,50,61.03,293.9,5.2,D,0,2023-04-09 02:09:00
36.2979,128.3003,303.9,1.1,1.1,Terra,MODIS,43,61.03,292.5,5.7,D,0,2023-04-09 02:09:00
36.1426,127.2137,302.9,1.1,1.0,Terra,MODIS,41,61.03,292.1,4.3,D,0,2023-04-09 02:10:00
35.9682,128.2819,309.7,1.2,1.1,Terra,MODIS,33,61.03,296.1,6.2,D,0,2023-04-09 02:10:00
35.938,128.2871,312.4,1.2,1.1,Terra,MODIS,62,61.03,298.1,8.1,D,0,2023-04-09 02:10:00
35.8777,128.4678,308.6,1.2,1.1,Terra,MODIS,16,61.03,296.9,7.5,D,0,2023-04-09 02:10:00
35.8647,128.5437,312.9,1.2,1.1,Terra,MODIS,39,61.03,297.8,8.4,D,2,2023-04-09 02:10:00
35.8433,128.4134,305.1,1.2,1.1,Terra,MODIS,27,61.03,293.8,5.6,D,0,2023-04-09 02:10:00
35.733,128.4577,309.0,1.2,1.1,Terra,MODIS,62,61.03,297.6,9.8,D,2,2023-04-09 02:10:00
35.7309,128.4701,306.9,1.2,1.1,Terra,MODIS,42,61.03,294.7,8.1,D,2,2023-04-09 02:10:00
35.6834,128.4583,311.4,1.2,1.1,Terra,MODIS,54,61.03,298.7,9.7,D,0,2023-04-09 02:10:00
35.4148,129.1598,312.5,1.3,1.1,Terra,MODIS,43,61.03,299.9,13.1,D,0,2023-04-09 02:10:00
35.4098,129.0724,307.7,1.3,1.1,Terra,MODIS,47,61.03,293.8,9.6,D,0,2023-04-09 02:10:00
35.4062,128.6773,308.9,1.2,1.1,Terra,MODIS,53,61.03,293.9,9.2,D,0,2023-04-09 02:10:00
35.317,129.1859,307.3,1.3,1.1,Terra,MODIS,60,61.03,296.2,9.5,D,2,2023-04-09 02:10:00
35.3663,128.4854,311.9,1.2,1.1,Terra,MODIS,70,61.03,299.1,10.4,D,2,2023-04-09 02:10:00
35.2665,128.7717,318.7,1.2,1.1,Terra,MODIS,75,61.03,300.5,17.7,D,0,2023-04-09 02:10:00
35.1456,128.986,311.8,1.3,1.1,Terra,MODIS,33,61.03,298.1,12.4,D,2,2023-04-09 02:10:00
35.2558,128.2404,303.7,1.2,1.1,Terra,MODIS,21,61.03,292.7,5.0,D,0,2023-04-09 02:10:00
35.2214,128.1862,306.9,1.2,1.1,Terra,MODIS,57,61.03,291.4,7.9,D,0,2023-04-09 02:10:00
35.0963,128.854,310.8,1.3,1.1,Terra,MODIS,52,61.03,298.8,11.1,D,2,2023-04-09 02:10:00
35.094,128.8674,311.9,1.3,1.1,Terra,MODIS,0,61.03,298.8,11.5,D,2,2023-04-09 02:10:00
35.1733,128.1224,310.0,1.2,1.1,Terra,MODIS,55,61.03,297.2,7.4,D,2,2023-04-09 02:10:00
35.0649,128.0701,310.5,1.2,1.1,Terra,MODIS,60,61.03,297.1,9.0,D,2,2023-04-09 02:10:00
35.188,126.8024,310.4,1.0,1.0,Terra,MODIS,47,61.03,298.2,7.8,D,2,2023-04-09 02:10:00
34.896,127.3495,303.9,1.1,1.0,Terra,MODIS,36,61.03,293.1,4.7,D,0,2023-04-09 02:10:00
34.772,127.8644,305.1,1.1,1.1,Terra,MODIS,41,61.03,291.7,7.1,D,0,2023-04-09 02:10:00
35.0759,128.194,305.9,1.1,1.0,Aqua,MODIS,21,61.03,294.2,4.8,D,0,2023-04-10 04:42:00
35.2624,128.7712,315.9,1.0,1.0,Aqua,MODIS,48,61.03,301.0,9.7,D,0,2023-04-10 04:42:00
35.2282,128.1078,308.1,1.1,1.0,Aqua,MODIS,54,61.03,295.7,5.7,D,2,2023-04-10 04:42:00
35.3082,128.3056,314.1,1.1,1.0,Aqua,MODIS,69,61.03,297.1,7.6,D,0,2023-04-10 04:42:00
35.4044,128.6732,310.5,1.0,1.0,Aqua,MODIS,62,61.03,295.5,6.5,D,0,2023-04-10 04:42:00
36.0605,129.259,309.4,1.0,1.0,Aqua,MODIS,48,61.03,295.2,5.5,D,0,2023-04-10 04:42:00
36.4017,127.3509,310.2,1.1,1.1,Aqua,MODIS,33,61.03,297.7,6.2,D,2,2023-04-10 04:42:00
36.9607,127.1285,323.7,1.1,1.1,Aqua,MODIS,81,61.03,297.4,16.9,D,0,2023-04-10 04:42:00
36.97,127.126,318.4,1.1,1.1,Aqua,MODIS,66,61.03,298.0,10.3,D,0,2023-04-10 04:42:00
36.9847,126.721,312.0,1.2,1.1,Aqua,MODIS,49,61.03,293.0,7.3,D,2,2023-04-10 04:42:00
37.4801,129.0495,311.4,1.0,1.0,Aqua,MODIS,68,61.03,299.0,7.0,D,2,2023-04-10 04:42:00
37.8102,128.8911,378.0,1.0,1.0,Terra,MODIS,0,61.03,297.9,142.3,D,0,2023-04-11 01:53:00
37.8028,128.8778,340.8,1.0,1.0,Terra,MODIS,90,61.03,293.9,39.4,D,0,2023-04-11 01:53:00
37.8013,128.8892,393.8,1.0,1.0,Terra,MODIS,87,61.03,301.5,218.0,D,0,2023-04-11 01:53:00
37.7997,128.9005,409.5,1.0,1.0,Terra,MODIS,100,61.03,302.9,325.5,D,3,2023-04-11 01:53:00
37.7939,128.876,320.0,1.0,1.0,Terra,MODIS,55,61.03,293.3,12.7,D,0,2023-04-11 01:53:00
37.7923,128.8873,350.0,1.0,1.0,Terra,MODIS,90,61.03,295.2,59.1,D,0,2023-04-11 01:53:00
36.9827,126.7139,311.1,1.2,1.1,Terra,MODIS,41,61.03,285.2,8.8,D,2,2023-04-14 02:18:00
35.7319,128.4643,306.2,1.0,1.0,Terra,MODIS,61,61.03,291.6,6.6,D,2,2023-04-16 02:02:00
36.9825,126.7046,302.8,1.2,1.1,Terra,MODIS,49,61.03,283.7,10.6,N,2,2023-04-16 13:04:00
34.772,127.8597,320.2,1.1,1.1,Aqua,MODIS,60,61.03,294.6,19.8,D,0,2023-04-17 04:42:00
35.2633,128.7715,318.0,1.0,1.0,Aqua,MODIS,53,61.03,301.4,11.4,D,0,2023-04-17 04:42:00
36.4891,126.3766,313.8,1.2,1.1,Aqua,MODIS,72,61.03,293.8,12.5,D,0,2023-04-17 04:43:00
36.3366,127.841,312.2,1.1,1.1,Terra,MODIS,56,61.03,289.6,10.9,D,0,2023-04-21 02:10:00
35.7323,128.4577,305.6,1.2,1.1,Terra,MODIS,25,61.03,289.6,6.1,D,2,2023-04-21 02:10:00
35.0947,128.8527,306.2,1.3,1.1,Terra,MODIS,0,61.03,290.6,7.0,D,2,2023-04-21 02:10:00
35.0922,128.8664,307.8,1.3,1.1,Terra,MODIS,0,61.03,291.6,8.3,D,2,2023-04-21 02:10:00
35.1904,126.7994,315.4,1.1,1.0,Terra,MODIS,32,61.03,301.4,9.3,D,2,2023-04-21 02:10:00
35.4435,128.7789,310.9,1.1,1.0,Aqua,MODIS,17,61.03,296.8,5.5,D,0,2023-04-22 04:56:00
36.9848,126.6932,304.4,1.2,1.1,Terra,MODIS,23,61.03,282.0,4.6,D,2,2023-04-23 01:54:00
37.6926,126.5711,315.0,1.2,1.1,Aqua,MODIS,64,61.03,286.1,13.5,D,0,2023-04-24 04:43:00
35.9995,129.392,309.5,1.8,1.3,Terra,MODIS,27,61.03,293.4,13.2,D,2,2023-04-26 02:18:00
35.172,128.1203,306.3,1.5,1.2,Terra,MODIS,55,61.03,293.4,9.1,D,2,2023-04-26 02:18:00
35.9571,127.0079,308.8,1.3,1.1,Terra,MODIS,65,61.03,294.1,8.4,D,2,2023-04-26 02:18:00
35.0662,128.0677,306.2,1.5,1.2,Terra,MODIS,38,61.03,293.2,9.9,D,2,2023-04-26 02:18:00
35.2868,128.3209,303.9,1.6,1.2,Terra,MODIS,45,61.03,288.8,7.9,D,2,2023-04-26 02:18:00
35.1366,128.8781,313.6,1.5,1.2,Aqua,MODIS,37,61.03,295.8,14.6,D,2,2023-04-26 04:28:00
35.0952,128.8635,310.0,1.5,1.2,Aqua,MODIS,0,61.03,297.4,11.5,D,2,2023-04-26 04:28:00
35.0923,128.8478,310.9,1.5,1.2,Aqua,MODIS,0,61.03,298.5,12.8,D,2,2023-04-26 04:28:00
35.3731,129.2597,310.1,1.1,1.0,Terra,MODIS,44,61.03,298.3,7.5,D,2,2023-04-28 02:02:00
35.4543,128.5194,311.6,1.0,1.0,Terra,MODIS,44,61.03,298.8,6.4,D,2,2023-04-28 02:02:00
35.3345,129.2627,308.7,1.1,1.0,Terra,MODIS,47,61.03,296.8,5.7,D,0,2023-04-28 02:02:00
35.3799,128.4033,306.2,1.0,1.0,Terra,MODIS,19,61.03,295.3,4.3,D,0,2023-04-28 02:02:00
35.3676,128.4813,316.1,1.0,1.0,Terra,MODIS,53,61.03,302.9,10.1,D,2,2023-04-28 02:02:00
35.1401,128.9796,309.9,1.1,1.0,Terra,MODIS,35,61.03,297.4,8.8,D,2,2023-04-28 02:02:00
35.1459,128.8261,308.0,1.1,1.0,Terra,MODIS,44,61.03,296.3,6.5,D,0,2023-04-28 02:02:00
35.6774,128.4565,314.4,1.0,1.0,Terra,MODIS,29,61.03,300.3,9.4,D,0,2023-04-28 02:02:00
37.4844,129.0537,312.9,1.0,1.0,Terra,MODIS,67,61.03,300.9,8.6,D,2,2023-04-28 02:02:00
37.3076,127.5278,313.7,1.0,1.0,Terra,MODIS,61,61.03,297.8,7.2,D,0,2023-04-28 02:02:00
36.9809,126.715,313.8,1.0,1.0,Terra,MODIS,33,61.03,293.9,6.3,D,2,2023-04-28 02:02:00
35.868,128.8344,318.0,1.1,1.0,Terra,MODIS,49,61.03,303.8,8.6,D,2,2023-04-28 02:02:00
35.9436,128.2953,316.1,1.0,1.0,Terra,MODIS,44,61.03,300.5,7.7,D,0,2023-04-28 02:02:00
35.668,129.3198,314.9,1.1,1.0,Terra,MODIS,18,61.03,301.1,8.0,D,0,2023-04-28 02:02:00
35.732,128.4636,314.5,1.0,1.0,Terra,MODIS,64,61.03,300.2,10.9,D,2,2023-04-28 02:02:00
35.8925,128.3828,309.2,2.5,1.5,Aqua,MODIS,49,61.03,297.2,16.9,D,0,2023-04-28 04:15:00
37.1783,128.3905,304.8,1.2,1.1,Terra,MODIS,54,61.03,290.9,5.7,D,0,2023-04-30 01:45:00
37.1768,128.4035,307.0,1.2,1.1,Terra,MODIS,63,61.03,291.5,7.5,D,0,2023-04-30 01:45:00
37.1741,128.3964,305.2,1.2,1.1,Terra,MODIS,61,61.03,291.5,7.3,D,0,2023-04-30 01:45:00
35.7966,126.9372,319.5,1.7,1.3,Terra,MODIS,79,61.03,298.6,24.2,D,0,2023-05-01 02:26:00
35.7931,126.9551,315.0,1.7,1.3,Terra,MODIS,75,61.03,297.0,15.8,D,0,2023-05-01 02:26:00
35.2345,128.1715,304.2,2.1,1.4,Terra,MODIS,29,61.03,293.6,9.7,D,0,2023-05-01 02:27:00
37.6093,126.8207,312.5,1.1,1.1,Aqua,MODIS,0,61.03,298.6,6.2,D,2,2023-05-01 04:43:00
36.1404,128.4473,316.5,1.0,1.0,Aqua,MODIS,36,61.03,303.4,8.7,D,0,2023-05-01 04:43:00
36.2287,128.8941,301.7,1.0,1.0,Aqua,MODIS,23,61.03,288.5,3.2,D,0,2023-05-01 04:43:00
36.1651,128.136,316.4,1.1,1.0,Aqua,MODIS,68,61.03,301.5,7.7,D,0,2023-05-01 04:43:00
36.9504,126.778,313.1,1.2,1.1,Aqua,MODIS,0,61.03,299.8,8.2,D,2,2023-05-01 04:43:00
36.9728,126.8517,317.7,1.2,1.1,Aqua,MODIS,0,61.03,303.6,10.6,D,2,2023-05-01 04:43:00
36.9856,126.6979,319.4,1.0,1.0,Terra,MODIS,49,61.03,297.7,10.3,D,2,2023-05-03 02:10:00
37.8796,127.2047,316.4,1.0,1.0,Terra,MODIS,60,61.03,302.4,7.6,D,0,2023-05-03 02:10:00
37.4259,129.1785,310.5,1.2,1.1,Terra,MODIS,22,61.03,298.0,7.1,D,2,2023-05-03 02:10:00
36.9838,126.7091,321.0,1.0,1.0,Terra,MODIS,57,61.03,300.9,12.6,D,2,2023-05-03 02:10:00
37.4806,129.0519,314.8,1.3,1.1,Aqua,MODIS,69,61.03,303.7,14.0,D,2,2023-05-03 04:29:00
35.7351,128.4639,302.8,1.6,1.2,Terra,MODIS,37,61.03,285.4,10.8,D,2,2023-05-08 02:18:00
36.7274,127.1053,308.5,1.3,1.1,Terra,MODIS,55,61.03,293.4,9.4,D,0,2023-05-08 02:18:00
36.1463,128.4483,310.6,1.6,1.2,Terra,MODIS,58,61.03,297.7,15.6,D,0,2023-05-08 02:18:00
35.956,127.015,310.6,1.3,1.1,Terra,MODIS,62,61.03,294.4,9.9,D,0,2023-05-08 02:18:00
35.6769,128.4586,302.6,1.6,1.2,Terra,MODIS,23,61.03,282.7,9.4,D,0,2023-05-08 02:18:00
35.6773,128.4514,315.0,1.1,1.0,Aqua,MODIS,52,61.03,299.2,10.1,D,2,2023-05-08 04:43:00
35.7334,128.4548,310.4,1.1,1.0,Aqua,MODIS,61,61.03,296.6,9.5,D,2,2023-05-08 04:43:00
37.4837,129.0491,309.0,1.0,1.0,Aqua,MODIS,68,61.03,295.6,7.5,D,2,2023-05-08 04:43:00
36.9823,126.6871,304.4,1.0,1.0,Terra,MODIS,60,61.03,283.6,8.9,N,2,2023-05-08 13:20:00
38.078,127.3536,311.8,1.0,1.0,Terra,MODIS,69,61.03,294.7,8.7,D,0,2023-05-10 02:01:00
35.9648,128.4179,317.8,1.0,1.0,Terra,MODIS,58,61.03,300.4,10.1,D,0,2023-05-10 02:02:00
36.4739,128.8927,305.0,1.1,1.0,Terra,MODIS,31,61.03,290.9,4.6,D,0,2023-05-10 02:02:00
36.1453,128.4496,318.7,1.0,1.0,Terra,MODIS,48,61.03,304.2,10.2,D,0,2023-05-10 02:02:00
35.8619,128.8327,321.3,1.1,1.0,Terra,MODIS,49,61.03,304.6,11.7,D,2,2023-05-10 02:02:00
35.8728,128.4716,315.8,1.0,1.0,Terra,MODIS,44,61.03,301.1,9.0,D,2,2023-05-10 02:02:00
35.6794,129.3262,314.7,1.1,1.0,Terra,MODIS,20,61.03,301.2,7.3,D,0,2023-05-10 02:02:00
35.6703,129.3239,315.6,1.1,1.0,Terra,MODIS,40,61.03,302.4,8.6,D,0,2023-05-10 02:02:00
35.7352,128.4617,316.6,1.0,1.0,Terra,MODIS,64,61.03,302.6,11.9,D,2,2023-05-10 02:02:00
35.6815,128.4492,313.8,1.0,1.0,Terra,MODIS,29,61.03,300.1,6.5,D,2,2023-05-10 02:02:00
35.6798,128.4603,316.6,1.0,1.0,Terra,MODIS,46,61.03,300.8,9.5,D,0,2023-05-10 02:02:00
35.4576,128.5174,310.5,1.1,1.0,Terra,MODIS,38,61.03,298.4,6.1,D,0,2023-05-10 02:02:00
35.319,129.2008,311.3,1.1,1.0,Terra,MODIS,29,61.03,299.9,8.1,D,0,2023-05-10 02:02:00
35.1482,128.8209,311.4,1.1,1.0,Terra,MODIS,50,61.03,300.8,7.8,D,0,2023-05-10 02:02:00
35.1463,128.8325,312.9,1.1,1.0,Terra,MODIS,37,61.03,301.3,8.1,D,0,2023-05-10 02:02:00
35.1193,128.2516,311.0,1.0,1.0,Terra,MODIS,65,61.03,296.8,7.1,D,0,2023-05-10 02:02:00
35.1364,128.8698,306.3,1.5,1.2,Aqua,MODIS,30,61.03,286.3,12.0,D,2,2023-05-10 04:29:00
37.4769,129.1337,301.4,2.1,1.4,Terra,MODIS,14,61.03,285.3,11.1,D,2,2023-05-13 02:26:00
36.9851,126.7139,317.5,1.6,1.2,Terra,MODIS,25,61.03,299.1,18.2,D,2,2023-05-13 02:26:00
38.0174,128.7209,302.3,1.1,1.1,Aqua,MODIS,0,61.03,288.3,3.1,D,0,2023-05-13 04:57:00
37.8783,127.2075,316.4,1.1,1.0,Terra,MODIS,63,61.03,300.7,7.7,D,0,2023-05-15 02:10:00
36.8912,127.6828,312.6,1.1,1.1,Terra,MODIS,34,61.03,300.8,8.4,D,0,2023-05-15 02:10:00
36.9523,126.785,315.9,1.0,1.0,Terra,MODIS,0,61.03,300.9,7.6,D,2,2023-05-15 02:10:00
36.8141,127.0666,315.8,1.1,1.0,Terra,MODIS,53,61.03,301.5,6.7,D,0,2023-05-15 02:10:00
36.8575,126.4447,314.7,1.0,1.0,Terra,MODIS,59,61.03,301.3,8.4,D,0,2023-05-15 02:10:00
36.4877,126.3786,310.4,1.0,1.0,Terra,MODIS,59,61.03,293.8,6.2,D,0,2023-05-15 02:10:00
36.4859,126.3898,309.4,1.0,1.0,Terra,MODIS,52,61.03,293.7,5.2,D,0,2023-05-15 02:10:00
36.1437,128.4497,318.6,1.2,1.1,Terra,MODIS,42,61.03,302.6,12.7,D,0,2023-05-15 02:10:00
35.1475,128.9836,309.0,1.4,1.2,Terra,MODIS,24,61.03,288.7,10.8,D,2,2023-05-15 02:10:00
35.6783,128.4552,321.3,1.1,1.0,Aqua,MODIS,48,61.03,304.6,11.9,D,2,2023-05-15 04:42:00
35.2402,128.1625,313.4,1.1,1.0,Aqua,MODIS,16,61.03,295.5,6.4,D,0,2023-05-15 04:42:00
35.2181,128.1872,309.1,1.1,1.0,Aqua,MODIS,35,61.03,291.3,6.0,D,0,2023-05-15 04:42:00
35.9384,128.2887,321.9,1.1,1.0,Aqua,MODIS,55,61.03,306.2,10.4,D,0,2023-05-15 04:43:00
36.9023,127.0618,321.0,1.2,1.1,Aqua,MODIS,62,61.03,305.8,9.6,D,0,2023-05-15 04:43:00
35.9516,127.0026,322.2,1.2,1.1,Aqua,MODIS,71,61.03,306.9,12.3,D,2,2023-05-15 04:43:00
37.4857,129.0562,313.2,1.0,1.0,Aqua,MODIS,56,61.03,301.7,7.8,D,2,2023-05-15 04:43:00
37.6094,126.6183,320.5,1.2,1.1,Aqua,MODIS,71,61.03,303.2,10.7,D,0,2023-05-15 04:43:00
36.9862,126.7079,306.0,1.0,1.0,Terra,MODIS,66,61.03,292.5,6.8,N,2,2023-05-15 13:12:00
36.9829,126.6857,303.0,1.0,1.0,Terra,MODIS,3,61.03,291.0,4.5,N,2,2023-05-15 13:12:00
36.9846,126.6968,315.0,1.0,1.0,Terra,MODIS,90,61.03,292.7,13.6,N,2,2023-05-15 13:12:00
35.2448,128.6194,322.7,1.0,1.0,Terra,MODIS,41,61.03,306.8,12.6,D,2,2023-05-17 01:54:00
35.142,128.8788,322.2,1.0,1.0,Terra,MODIS,24,61.03,306.7,11.3,D,2,2023-05-17 01:54:00
35.084,128.7688,319.0,1.5,1.2,Aqua,MODIS,53,61.03,304.8,21.3,D,3,2023-05-17 04:28:00
37.4252,129.1735,300.8,1.1,1.0,Terra,MODIS,33,61.03,289.5,4.0,N,2,2023-05-17 12:56:00
36.1699,128.4075,313.1,1.6,1.2,Terra,MODIS,23,61.03,298.3,9.1,D,0,2023-05-20 02:18:00
36.1387,128.4516,315.4,1.6,1.2,Terra,MODIS,40,61.03,301.1,15.6,D,0,2023-05-20 02:18:00
35.2283,128.9152,313.6,1.8,1.3,Terra,MODIS,25,61.03,299.2,15.6,D,2,2023-05-20 02:18:00
35.1411,128.8829,312.5,1.8,1.3,Terra,MODIS,47,61.03,297.6,16.6,D,2,2023-05-20 02:18:00
35.236,128.1649,312.4,1.6,1.2,Terra,MODIS,49,61.03,295.6,12.7,D,0,2023-05-20 02:18:00
35.2314,128.1756,311.3,1.6,1.2,Terra,MODIS,31,61.03,294.9,12.4,D,0,2023-05-20 02:18:00
36.9901,126.6984,305.3,1.0,1.0,Terra,MODIS,56,61.03,285.3,8.1,N,2,2023-05-20 13:20:00
36.2556,126.8765,312.4,3.0,1.7,Terra,MODIS,65,61.03,296.3,36.1,D,0,2023-05-23 02:42:00
37.2203,127.5857,312.4,2.3,1.5,Aqua,MODIS,16,61.03,299.0,15.5,D,0,2023-05-23 05:25:00
36.9777,126.8474,319.1,1.6,1.3,Terra,MODIS,0,61.03,305.5,17.1,D,2,2023-05-25 02:26:00
35.4543,128.7714,312.7,2.3,1.5,Terra,MODIS,16,61.03,299.4,24.6,D,2,2023-05-25 02:26:00
36.9828,126.6981,302.9,1.4,1.2,Terra,MODIS,17,61.03,291.8,7.1,N,2,2023-05-29 12:56:00
36.985,126.6982,302.3,1.6,1.2,Terra,MODIS,48,61.03,291.1,8.9,N,2,2023-05-30 13:36:00
35.1597,128.3116,308.6,1.7,1.3,Aqua,MODIS,45,61.03,297.3,10.0,D,0,2023-05-31 04:28:00
35.0945,128.8753,317.6,1.6,1.2,Aqua,MODIS,0,61.03,303.0,18.3,D,2,2023-05-31 04:28:00
35.1411,128.8795,317.8,1.6,1.2,Aqua,MODIS,31,61.03,301.5,17.5,D,2,2023-05-31 04:28:00
35.1379,128.8627,319.2,1.6,1.2,Aqua,MODIS,22,61.03,302.8,20.6,D,2,2023-05-31 04:28:00
35.3165,129.1877,310.5,1.5,1.2,Aqua,MODIS,61,61.03,299.7,13.7,D,2,2023-05-31 04:28:00
35.3659,129.2526,309.9,1.5,1.2,Aqua,MODIS,55,61.03,298.3,12.3,D,0,2023-05-31 04:28:00
35.4096,129.0706,311.6,1.5,1.2,Aqua,MODIS,17,61.03,297.3,13.8,D,0,2023-05-31 04:28:00
35.8678,128.8306,318.2,1.5,1.2,Aqua,MODIS,47,61.03,302.2,16.3,D,2,2023-05-31 04:28:00
36.1425,128.4389,318.0,1.6,1.2,Aqua,MODIS,40,61.03,303.8,18.0,D,0,2023-05-31 04:28:00
35.4451,128.7582,313.1,2.7,1.6,Aqua,MODIS,31,61.03,301.5,26.0,D,0,2023-06-02 04:14:00
35.4499,128.7525,312.3,2.7,1.6,Aqua,MODIS,8,61.03,301.2,22.7,D,0,2023-06-02 04:14:00
35.7353,128.1617,309.2,2.8,1.6,Aqua,MODIS,52,61.03,297.1,23.4,D,0,2023-06-02 04:14:00
36.5262,129.0431,307.6,2.4,1.5,Aqua,MODIS,43,61.03,294.8,13.3,D,2,2023-06-02 04:14:00
36.9893,126.6912,304.8,1.0,1.0,Aqua,MODIS,62,61.03,288.5,7.5,N,2,2023-06-02 17:53:00
36.9856,126.7141,301.5,1.0,1.0,Aqua,MODIS,25,61.03,290.5,5.4,N,2,2023-06-02 17:53:00
37.4823,129.0562,316.8,1.1,1.0,Terra,MODIS,64,61.03,303.9,10.5,D,2,2023-06-03 02:01:00
37.1507,128.1478,313.5,1.0,1.0,Terra,MODIS,20,61.03,299.5,6.9,D,0,2023-06-03 02:01:00
36.9945,127.8359,318.1,1.0,1.0,Terra,MODIS,30,61.03,305.3,8.4,D,0,2023-06-03 02:01:00
36.8889,127.6801,314.9,1.0,1.0,Terra,MODIS,38,61.03,303.5,7.5,D,0,2023-06-03 02:01:00
36.9827,126.7109,327.0,1.0,1.0,Terra,MODIS,51,61.03,309.2,15.8,D,2,2023-06-03 02:01:00
36.1582,126.9892,314.8,1.0,1.0,Terra,MODIS,0,61.03,301.4,5.7,D,0,2023-06-03 02:01:00
35.6837,128.461,324.4,1.0,1.0,Terra,MODIS,56,61.03,304.7,15.1,D,0,2023-06-03 02:01:00
35.6328,128.4315,317.9,1.0,1.0,Terra,MODIS,44,61.03,302.3,9.2,D,0,2023-06-03 02:01:00
35.2886,128.3204,319.8,1.0,1.0,Terra,MODIS,73,61.03,303.6,10.8,D,0,2023-06-03 02:02:00
35.2268,128.2422,312.7,1.0,1.0,Terra,MODIS,49,61.03,297.2,7.0,D,0,2023-06-03 02:02:00
35.2319,128.1512,321.0,1.0,1.0,Terra,MODIS,50,61.03,298.3,12.5,D,0,2023-06-03 02:02:00
34.9553,126.6118,311.3,1.0,1.0,Terra,MODIS,43,61.03,296.7,4.4,D,0,2023-06-03 02:02:00
35.9073,128.6173,322.7,1.0,1.0,Aqua,MODIS,49,61.03,309.1,11.6,D,2,2023-06-03 04:56:00
36.9791,126.8476,323.2,1.0,1.0,Aqua,MODIS,38,61.03,310.0,10.8,D,2,2023-06-03 04:56:00
36.9847,126.6981,328.9,1.0,1.0,Aqua,MODIS,38,61.03,312.0,15.3,D,2,2023-06-03 04:56:00
37.0615,126.9715,318.3,1.0,1.0,Aqua,MODIS,39,61.03,305.6,6.9,D,0,2023-06-03 04:56:00
37.4847,129.054,301.3,1.0,1.0,Aqua,MODIS,40,61.03,290.4,4.9,N,2,2023-06-04 17:39:00
36.9807,126.8499,316.3,1.6,1.3,Terra,MODIS,53,61.03,299.9,15.0,D,2,2023-06-06 02:25:00
36.1462,128.446,315.5,2.1,1.4,Terra,MODIS,39,61.03,300.7,21.9,D,0,2023-06-06 02:26:00
36.0931,128.3758,318.8,2.1,1.4,Terra,MODIS,0,61.03,302.4,30.7,D,2,2023-06-06 02:26:00
35.839,128.4933,318.0,2.2,1.4,Terra,MODIS,36,61.03,302.4,26.0,D,2,2023-06-06 02:26:00
35.4426,128.7779,313.2,2.3,1.5,Terra,MODIS,15,61.03,296.3,25.9,D,0,2023-06-06 02:26:00
36.9801,126.685,314.3,1.9,1.3,Aqua,MODIS,0,61.03,299.1,17.0,D,2,2023-06-06 05:24:00
36.982,126.7057,315.8,1.9,1.3,Aqua,MODIS,0,61.03,300.1,19.5,D,2,2023-06-06 05:24:00
35.3328,129.2584,313.8,1.0,1.0,Terra,MODIS,33,61.03,299.4,6.3,D,0,2023-06-10 01:53:00
35.2008,126.7549,317.5,1.1,1.0,Terra,MODIS,60,61.03,300.3,8.1,D,0,2023-06-10 01:53:00
36.9855,126.7033,302.1,1.4,1.2,Terra,MODIS,47,61.03,288.9,8.0,N,2,2023-06-10 12:55:00
36.9827,126.6879,300.1,1.4,1.2,Terra,MODIS,19,61.03,287.9,6.3,N,2,2023-06-10 12:55:00
36.9892,126.6964,307.2,1.1,1.0,Aqua,MODIS,71,61.03,290.8,9.0,N,2,2023-06-11 17:38:00
36.9877,126.7084,310.6,1.1,1.0,Aqua,MODIS,80,61.03,292.6,11.9,N,2,2023-06-11 17:38:00
36.5489,127.2749,317.0,1.3,1.1,Terra,MODIS,70,61.03,300.7,12.3,D,2,2023-06-13 02:17:00
35.8399,128.4981,315.1,1.6,1.3,Terra,MODIS,27,61.03,293.3,15.8,D,2,2023-06-13 02:17:00
36.9836,126.6842,303.0,1.0,1.0,Terra,MODIS,38,61.03,290.2,4.8,N,2,2023-06-13 13:19:00
37.1484,128.1657,316.1,1.0,1.0,Terra,MODIS,68,61.03,298.8,9.1,D,0,2023-06-15 02:01:00
37.0143,127.9503,317.7,1.0,1.0,Terra,MODIS,42,61.03,300.8,10.2,D,2,2023-06-15 02:01:00
36.9935,127.8369,314.9,1.0,1.0,Terra,MODIS,23,61.03,299.4,7.7,D,0,2023-06-15 02:01:00
36.1166,126.6951,309.5,1.0,1.0,Terra,MODIS,37,61.03,295.7,4.0,D,0,2023-06-15 02:01:00
35.4986,128.8024,311.6,1.1,1.0,Terra,MODIS,41,61.03,298.5,7.5,D,0,2023-06-15 02:01:00
35.4967,128.8139,312.5,1.1,1.0,Terra,MODIS,44,61.03,298.5,8.5,D,0,2023-06-15 02:01:00
36.9869,126.727,303.2,1.1,1.1,Terra,MODIS,52,61.03,291.7,5.7,N,2,2023-06-15 13:03:00
36.9845,126.7138,313.3,2.8,1.6,Terra,MODIS,0,61.03,298.2,28.9,D,2,2023-06-16 02:41:00
36.9811,126.7074,313.4,2.8,1.6,Terra,MODIS,0,61.03,298.5,29.5,D,2,2023-06-16 02:41:00
36.1054,128.3892,312.0,3.8,1.8,Terra,MODIS,42,61.03,297.8,46.8,D,2,2023-06-16 02:41:00
35.0582,126.5399,313.3,3.1,1.7,Terra,MODIS,58,61.03,300.1,29.5,D,2,2023-06-16 02:42:00
35.1987,126.8001,323.9,1.8,1.3,Terra,MODIS,28,61.03,307.4,25.1,D,2,2023-06-18 02:25:00
36.9837,126.7097,315.1,1.2,1.1,Terra,MODIS,91,61.03,294.9,16.0,N,2,2023-06-18 13:27:00
36.9822,126.6964,307.5,1.2,1.1,Terra,MODIS,60,61.03,294.7,8.4,N,2,2023-06-18 13:27:00
36.9856,126.7032,311.1,1.2,1.1,Terra,MODIS,34,61.03,294.9,10.9,N,2,2023-06-18 13:27:00
36.9813,126.7115,303.6,1.1,1.1,Aqua,MODIS,56,61.03,293.5,6.1,N,2,2023-06-18 17:38:00
34.8249,127.6776,312.6,1.0,1.0,Aqua,MODIS,85,61.03,293.8,11.0,N,2,2023-06-18 17:38:00
37.4757,129.1385,313.2,1.0,1.0,Terra,MODIS,32,61.03,298.4,6.4,D,2,2023-06-22 01:52:00
37.4233,129.1775,311.3,1.0,1.0,Terra,MODIS,23,61.03,295.4,5.6,D,2,2023-06-22 01:52:00
36.9835,126.7318,318.2,1.1,1.1,Terra,MODIS,24,61.03,300.9,11.4,D,2,2023-06-22 01:52:00
36.9833,126.7013,303.8,1.4,1.2,Terra,MODIS,57,61.03,291.9,8.2,N,2,2023-06-22 12:54:00
36.9804,126.6858,305.6,1.4,1.2,Terra,MODIS,65,61.03,291.4,10.2,N,2,2023-06-22 12:54:00
37.425,129.175,300.5,1.1,1.0,Terra,MODIS,29,61.03,289.2,4.8,N,2,2023-06-22 12:55:00
36.9861,126.6962,308.3,1.6,1.2,Terra,MODIS,74,61.03,293.5,14.6,N,2,2023-06-23 13:35:00
36.9906,126.7037,313.9,1.0,1.0,Aqua,MODIS,81,61.03,293.0,10.9,N,2,2023-06-23 17:51:00
36.9817,126.7016,304.9,1.0,1.0,Aqua,MODIS,52,61.03,292.6,5.4,N,2,2023-06-23 17:51:00
36.9869,126.7059,320.5,1.9,1.3,Terra,MODIS,0,61.03,298.7,27.4,D,2,2023-06-24 01:36:00
36.985,126.7266,319.0,1.9,1.3,Terra,MODIS,47,61.03,298.3,22.4,D,2,2023-06-24 01:36:00
36.6986,127.4184,319.8,1.0,1.0,Aqua,MODIS,25,61.03,300.2,7.0,D,2,2023-06-24 04:54:00
36.892,127.6755,320.4,1.0,1.0,Aqua,MODIS,46,61.03,304.0,9.5,D,0,2023-06-24 04:54:00
36.8551,126.4427,318.5,1.0,1.0,Aqua,MODIS,45,61.03,300.6,9.1,D,0,2023-06-24 04:54:00
36.9441,126.7814,323.1,1.0,1.0,Aqua,MODIS,43,61.03,304.7,10.0,D,2,2023-06-24 04:54:00
37.8557,126.8131,319.5,1.0,1.0,Aqua,MODIS,54,61.03,302.9,9.2,D,0,2023-06-24 04:54:00
37.2957,127.8097,317.3,1.4,1.2,Terra,MODIS,49,61.03,301.0,13.9,D,0,2023-06-25 02:16:00
37.4156,126.8838,315.2,1.0,1.0,Terra,MODIS,59,61.03,296.8,6.9,D,2,2023-06-27 02:00:00
36.1471,128.4432,321.8,1.0,1.0,Terra,MODIS,28,61.03,303.8,10.9,D,2,2023-06-27 02:00:00
36.1251,128.1089,317.6,1.0,1.0,Terra,MODIS,26,61.03,302.2,7.5,D,2,2023-06-27 02:00:00
35.7297,128.268,314.0,1.0,1.0,Terra,MODIS,45,61.03,299.8,6.5,D,2,2023-06-27 02:00:00
35.222,128.1366,316.8,1.0,1.0,Terra,MODIS,33,61.03,296.1,7.2,D,0,2023-06-27 02:00:00
36.9872,126.7326,303.4,1.0,1.0,Aqua,MODIS,55,61.03,293.3,4.3,N,2,2023-06-30 17:50:00
35.3742,127.1392,317.6,1.0,1.0,Aqua,MODIS,67,61.03,302.2,8.5,D,2,2023-07-01 04:53:00
35.6808,128.451,319.8,1.0,1.0,Aqua,MODIS,36,61.03,302.3,7.6,D,0,2023-07-01 04:53:00
35.8637,128.8258,325.5,1.0,1.0,Aqua,MODIS,21,61.03,309.4,12.0,D,2,2023-07-01 04:53:00
35.9069,128.6138,327.8,1.0,1.0,Aqua,MODIS,22,61.03,308.6,13.4,D,2,2023-07-01 04:53:00
35.8474,127.0894,324.3,1.0,1.0,Aqua,MODIS,62,61.03,305.8,10.2,D,2,2023-07-01 04:53:00
37.012,127.9479,323.3,1.0,1.0,Aqua,MODIS,46,61.03,308.1,11.6,D,2,2023-07-01 04:53:00
36.858,126.4428,318.7,1.0,1.0,Aqua,MODIS,37,61.03,303.0,8.4,D,0,2023-07-01 04:53:00
37.7995,126.9595,322.4,1.0,1.0,Aqua,MODIS,33,61.03,308.1,10.0,D,0,2023-07-01 04:53:00
37.8605,126.8162,318.3,1.0,1.0,Aqua,MODIS,41,61.03,304.3,6.7,D,0,2023-07-01 04:53:00
38.2086,127.2194,317.1,1.0,1.0,Aqua,MODIS,59,61.03,304.5,7.5,D,2,2023-07-01 04:53:00
35.7042,129.1948,308.3,1.3,1.1,Terra,MODIS,26,61.03,290.9,7.6,D,0,2023-07-02 02:08:00
36.9793,126.7094,306.7,1.0,1.0,Terra,MODIS,37,61.03,295.9,5.0,N,2,2023-07-02 13:10:00
36.9931,126.6985,307.5,1.2,1.1,Aqua,MODIS,66,61.03,294.2,6.7,N,2,2023-07-02 17:36:00
36.9861,126.7023,312.5,4.7,2.0,Terra,MODIS,0,61.03,297.5,58.3,D,2,2023-07-03 01:10:00
36.1363,128.4455,325.3,1.2,1.1,Aqua,MODIS,39,61.03,309.1,16.3,D,0,2023-07-03 04:39:00
36.9896,127.8295,321.9,1.2,1.1,Aqua,MODIS,56,61.03,307.2,13.3,D,0,2023-07-03 04:39:00
37.2968,127.8025,316.8,1.1,1.0,Terra,MODIS,67,61.03,299.2,9.0,D,0,2023-07-04 01:51:00
35.4476,128.7648,316.7,1.9,1.3,Aqua,MODIS,23,61.03,304.0,19.7,D,0,2023-07-05 04:24:00
35.0958,128.8764,315.5,1.9,1.3,Aqua,MODIS,0,61.03,302.7,16.4,D,2,2023-07-05 04:24:00
35.1428,128.8621,316.3,1.9,1.3,Aqua,MODIS,37,61.03,303.6,19.3,D,0,2023-07-05 04:24:00
35.7294,128.4617,315.8,2.0,1.4,Aqua,MODIS,64,61.03,304.0,23.6,D,2,2023-07-05 04:24:00
36.4136,128.1529,308.6,1.2,1.1,Aqua,MODIS,27,61.03,287.5,4.9,D,2,2023-07-06 05:06:00
37.4849,129.0494,303.5,1.0,1.0,Terra,MODIS,55,61.03,288.7,4.2,N,2,2023-07-09 13:01:00
36.9878,126.6983,306.5,1.2,1.1,Terra,MODIS,20,61.03,294.3,6.3,N,2,2023-07-09 13:01:00
37.4093,126.7019,319.4,1.5,1.2,Aqua,MODIS,65,61.03,300.7,12.8,D,2,2023-07-10 04:38:00
36.9797,126.8456,320.2,1.5,1.2,Aqua,MODIS,0,61.03,301.0,17.5,D,2,2023-07-10 04:38:00
37.4801,129.0563,304.4,1.1,1.1,Aqua,MODIS,32,61.03,281.5,6.5,D,2,2023-07-10 04:38:00
35.8432,128.5032,318.0,2.1,1.4,Terra,MODIS,34,61.03,293.9,24.5,D,2,2023-07-12 02:23:00
35.8309,128.4995,317.0,2.1,1.4,Terra,MODIS,15,61.03,293.4,22.5,D,2,2023-07-12 02:23:00
35.732,128.4617,311.4,2.1,1.4,Terra,MODIS,46,61.03,293.2,19.0,D,2,2023-07-12 02:23:00
33.4468,126.5796,318.3,3.1,1.7,Aqua,MODIS,62,61.03,295.7,49.3,D,0,2023-07-12 04:23:00
33.4465,126.5724,312.9,3.1,1.7,Aqua,MODIS,15,61.03,295.9,24.3,D,0,2023-07-12 04:23:00
38.2079,127.2189,316.4,1.2,1.1,Terra,MODIS,50,61.03,302.7,10.8,D,2,2023-07-19 02:14:00
38.1864,127.3397,311.3,1.2,1.1,Terra,MODIS,36,61.03,298.8,6.7,D,0,2023-07-19 02:14:00
37.6908,127.8436,311.7,1.3,1.1,Terra,MODIS,43,61.03,298.1,8.5,D,0,2023-07-19 02:14:00
37.8621,126.8172,315.4,1.2,1.1,Terra,MODIS,47,61.03,301.6,8.5,D,0,2023-07-19 02:14:00
37.1456,128.1549,313.1,1.4,1.2,Terra,MODIS,60,61.03,300.5,10.5,D,0,2023-07-19 02:14:00
36.8214,128.6243,315.6,1.5,1.2,Terra,MODIS,51,61.03,300.7,12.4,D,2,2023-07-19 02:14:00
36.6992,127.422,317.0,1.3,1.1,Terra,MODIS,67,61.03,301.2,12.1,D,2,2023-07-19 02:14:00
36.4197,128.1581,314.4,1.4,1.2,Terra,MODIS,47,61.03,299.8,11.7,D,2,2023-07-19 02:15:00
36.5515,127.2655,313.1,1.3,1.1,Terra,MODIS,60,61.03,299.9,7.9,D,0,2023-07-19 02:15:00
36.549,127.2795,315.2,1.3,1.1,Terra,MODIS,68,61.03,300.3,10.2,D,2,2023-07-19 02:15:00
35.9392,128.2902,317.2,1.5,1.2,Terra,MODIS,49,61.03,298.9,15.4,D,0,2023-07-19 02:15:00
35.7335,128.4667,311.9,1.6,1.2,Terra,MODIS,47,61.03,295.3,12.3,D,2,2023-07-19 02:15:00
35.954,127.1326,319.5,1.3,1.1,Terra,MODIS,42,61.03,302.0,13.1,D,2,2023-07-19 02:15:00
35.9441,127.1299,319.2,1.3,1.1,Terra,MODIS,31,61.03,302.2,12.4,D,2,2023-07-19 02:15:00
35.9566,127.0024,319.2,1.3,1.1,Terra,MODIS,54,61.03,300.8,12.2,D,2,2023-07-19 02:15:00
35.9541,127.0162,319.7,1.3,1.1,Terra,MODIS,75,61.03,300.5,13.7,D,2,2023-07-19 02:15:00
35.6852,127.9163,312.2,1.5,1.2,Terra,MODIS,25,61.03,296.2,8.9,D,2,2023-07-19 02:15:00
36.9905,126.7102,307.0,1.2,1.1,Aqua,MODIS,45,61.03,295.8,7.7,N,2,2023-07-19 18:01:00
37.2908,127.8052,316.5,1.0,1.0,Terra,MODIS,60,61.03,301.0,7.1,D,0,2023-07-21 01:58:00
36.9873,126.6941,328.2,1.0,1.0,Terra,MODIS,38,61.03,304.1,13.4,D,2,2023-07-21 01:58:00
36.9858,126.7052,329.5,1.0,1.0,Terra,MODIS,61,61.03,306.2,16.9,D,2,2023-07-21 01:58:00
36.7007,127.4149,320.3,1.0,1.0,Terra,MODIS,38,61.03,304.8,8.7,D,2,2023-07-21 01:58:00
36.4938,126.3936,316.8,1.0,1.0,Terra,MODIS,0,61.03,300.3,7.2,D,0,2023-07-21 01:58:00
36.1237,128.1242,317.9,1.0,1.0,Terra,MODIS,0,61.03,301.2,8.5,D,2,2023-07-21 01:58:00
35.4986,128.8064,315.0,1.1,1.0,Terra,MODIS,46,61.03,300.6,7.8,D,0,2023-07-21 01:58:00
36.9776,126.7051,314.5,4.0,1.9,Aqua,MODIS,0,61.03,295.5,49.2,D,2,2023-07-21 05:46:00
36.9817,126.7005,313.9,4.0,1.9,Aqua,MODIS,0,61.03,295.2,43.4,D,2,2023-07-21 05:46:00
36.9826,126.6987,310.0,1.0,1.0,Aqua,MODIS,68,61.03,295.3,6.9,N,2,2023-07-21 17:47:00
36.981,126.7098,306.7,1.0,1.0,Aqua,MODIS,7,61.03,295.1,4.6,N,2,2023-07-21 17:47:00
36.5947,128.2012,316.6,1.0,1.0,Aqua,MODIS,40,61.03,293.3,8.4,D,2,2023-07-22 04:50:00
37.3183,126.7372,320.0,1.6,1.2,Aqua,MODIS,0,61.03,299.5,18.1,D,2,2023-07-24 04:36:00
36.5955,128.2006,314.7,1.1,1.1,Terra,MODIS,69,61.03,294.1,8.1,D,2,2023-07-26 02:06:00
36.7022,127.2182,313.0,1.1,1.0,Terra,MODIS,58,61.03,292.0,7.2,D,2,2023-07-26 02:06:00
36.4812,127.7164,314.3,1.1,1.0,Terra,MODIS,45,61.03,295.4,6.9,D,2,2023-07-26 02:06:00
35.413,129.1648,317.8,1.3,1.1,Terra,MODIS,37,61.03,297.1,13.8,D,0,2023-07-26 02:06:00
36.6975,127.4157,318.5,1.1,1.0,Terra,MODIS,74,61.03,297.0,10.4,D,2,2023-07-26 02:06:00
37.3939,126.7106,323.0,1.0,1.0,Terra,MODIS,0,61.03,298.6,13.9,D,2,2023-07-26 02:06:00
37.1523,128.15,315.1,1.1,1.1,Terra,MODIS,56,61.03,295.3,9.0,D,0,2023-07-26 02:06:00
37.1503,128.1622,315.8,1.1,1.1,Terra,MODIS,70,61.03,295.7,9.7,D,0,2023-07-26 02:06:00
35.1352,128.8657,314.1,2.2,1.4,Aqua,MODIS,34,61.03,294.1,19.0,D,2,2023-07-26 04:21:00
35.3623,129.0516,315.1,2.1,1.4,Aqua,MODIS,37,61.03,294.6,23.5,D,2,2023-07-26 04:21:00
36.1016,128.3731,317.2,2.3,1.5,Aqua,MODIS,0,61.03,295.4,26.6,D,2,2023-07-26 04:21:00
36.9849,126.7002,302.6,1.0,1.0,Terra,MODIS,46,61.03,285.2,4.2,N,2,2023-07-26 13:08:00
36.9832,126.689,302.7,1.0,1.0,Terra,MODIS,24,61.03,285.3,4.0,N,2,2023-07-26 13:08:00
35.3682,129.0373,311.7,3.4,1.7,Terra,MODIS,48,61.03,293.3,30.8,D,2,2023-07-27 01:09:00
34.4794,126.2629,316.5,1.0,1.0,Aqua,MODIS,63,61.03,298.5,7.1,D,2,2023-07-27 05:02:00
34.3357,126.7349,315.6,1.0,1.0,Aqua,MODIS,0,61.03,299.9,6.9,D,0,2023-07-27 05:02:00
34.9896,126.4763,315.9,1.0,1.0,Aqua,MODIS,47,61.03,297.3,6.4,D,2,2023-07-27 05:03:00
35.5596,126.8539,317.3,1.0,1.0,Aqua,MODIS,32,61.03,296.8,7.8,D,2,2023-07-27 05:03:00
35.7894,128.3835,317.1,1.1,1.0,Aqua,MODIS,55,61.03,297.8,8.2,D,0,2023-07-27 05:03:00
37.2965,127.7989,318.7,1.1,1.0,Aqua,MODIS,36,61.03,298.1,8.9,D,0,2023-07-27 05:03:00
37.4803,129.0493,317.2,1.2,1.1,Aqua,MODIS,61,61.03,298.5,10.9,D,2,2023-07-27 05:03:00
36.9814,126.7032,327.3,1.2,1.1,Terra,MODIS,23,61.03,302.2,16.8,D,2,2023-07-28 01:49:00
37.4229,129.1741,316.3,1.0,1.0,Terra,MODIS,45,61.03,300.9,6.5,D,2,2023-07-28 01:49:00
36.5978,128.5431,310.7,1.0,1.0,Terra,MODIS,48,61.03,291.6,5.3,D,0,2023-07-28 01:49:00
36.9671,127.9107,311.1,3.8,1.8,Aqua,MODIS,22,61.03,291.6,37.5,D,2,2023-07-28 04:07:00
37.7508,128.8808,314.1,3.2,1.7,Aqua,MODIS,26,61.03,296.9,31.8,D,2,2023-07-28 04:07:00
36.0975,128.3846,314.8,4.7,2.0,Aqua,MODIS,42,61.03,293.6,64.6,D,2,2023-07-28 05:45:00
36.9816,126.7072,315.0,3.8,1.8,Aqua,MODIS,0,61.03,291.6,50.6,D,2,2023-07-28 05:45:00
36.098,128.375,314.9,4.7,2.0,Aqua,MODIS,41,61.03,293.5,64.7,D,2,2023-07-28 05:45:00
36.0019,129.3901,309.0,1.1,1.1,Terra,MODIS,57,61.03,296.9,5.6,N,2,2023-07-28 12:51:00
37.487,129.0555,307.7,1.1,1.1,Terra,MODIS,70,61.03,295.7,5.9,N,2,2023-07-28 12:52:00
36.9876,126.7043,306.0,1.5,1.2,Terra,MODIS,45,61.03,294.8,7.0,N,2,2023-07-28 12:52:00
36.9846,126.6881,306.6,1.5,1.2,Terra,MODIS,65,61.03,294.6,8.6,N,2,2023-07-28 12:52:00
37.4878,129.0545,306.3,1.0,1.0,Aqua,MODIS,67,61.03,295.8,5.2,N,2,2023-07-28 17:46:00
36.9854,126.8421,315.0,2.0,1.4,Terra,MODIS,33,61.03,293.5,14.4,D,2,2023-07-29 02:30:00
35.6373,128.4208,316.5,2.8,1.6,Terra,MODIS,42,61.03,299.4,32.2,D,0,2023-07-29 02:30:00
35.9631,126.6091,316.2,2.1,1.4,Terra,MODIS,0,61.03,296.7,18.7,D,2,2023-07-29 02:30:00
35.4496,128.7686,314.6,2.9,1.6,Terra,MODIS,30,61.03,297.0,30.4,D,0,2023-07-29 02:30:00
35.3704,129.046,314.0,3.1,1.7,Terra,MODIS,50,61.03,298.5,35.6,D,2,2023-07-29 02:30:00
37.3299,126.7215,321.1,2.0,1.4,Terra,MODIS,0,61.03,296.5,22.9,D,2,2023-07-29 02:30:00
35.677,128.4503,328.0,1.0,1.0,Aqua,MODIS,39,61.03,309.9,14.0,D,2,2023-07-29 04:48:00
35.7341,128.4598,323.6,1.0,1.0,Aqua,MODIS,38,61.03,307.4,12.5,D,2,2023-07-29 04:48:00
34.6751,126.9088,318.4,1.2,1.1,Aqua,MODIS,30,61.03,300.4,9.7,D,2,2023-07-29 04:48:00
35.1421,128.8254,320.7,1.0,1.0,Aqua,MODIS,21,61.03,305.7,9.5,D,0,2023-07-29 04:48:00
35.189,128.7053,329.2,1.0,1.0,Aqua,MODIS,25,61.03,306.2,17.9,D,2,2023-07-29 04:48:00
35.2399,128.6192,328.2,1.0,1.0,Aqua,MODIS,24,61.03,307.5,9.8,D,2,2023-07-29 04:48:00
35.3578,128.4812,321.5,1.0,1.0,Aqua,MODIS,54,61.03,303.3,10.0,D,2,2023-07-29 04:48:00
35.6978,129.1918,319.2,1.0,1.0,Aqua,MODIS,61,61.03,303.2,8.1,D,2,2023-07-29 04:48:00
35.7866,128.3839,322.1,1.0,1.0,Aqua,MODIS,57,61.03,307.8,10.8,D,2,2023-07-29 04:48:00
35.9105,128.95,325.5,1.0,1.0,Aqua,MODIS,40,61.03,307.9,12.5,D,2,2023-07-29 04:48:00
35.9265,128.9348,323.4,1.0,1.0,Aqua,MODIS,33,61.03,307.0,9.0,D,0,2023-07-29 04:48:00
35.9577,128.4117,324.5,1.0,1.0,Aqua,MODIS,33,61.03,306.8,9.5,D,0,2023-07-29 04:48:00
36.1467,128.4353,326.9,1.0,1.0,Aqua,MODIS,44,61.03,308.0,13.6,D,2,2023-07-29 04:48:00
37.1799,128.466,319.5,1.0,1.0,Aqua,MODIS,36,61.03,303.3,8.8,D,2,2023-07-29 04:49:00
36.5454,127.2753,318.3,1.1,1.0,Aqua,MODIS,57,61.03,300.4,6.9,D,0,2023-07-29 04:49:00
36.7867,128.6259,322.1,1.0,1.0,Aqua,MODIS,51,61.03,306.8,9.1,D,0,2023-07-29 04:49:00
36.6729,126.7506,321.9,1.1,1.1,Aqua,MODIS,69,61.03,302.5,11.2,D,0,2023-07-29 04:49:00
36.8901,127.6801,315.6,1.1,1.0,Aqua,MODIS,42,61.03,298.7,6.8,D,0,2023-07-29 04:49:00
37.2903,127.8056,319.8,1.0,1.0,Aqua,MODIS,52,61.03,303.3,10.2,D,0,2023-07-29 04:49:00
36.9964,127.827,321.3,1.0,1.0,Aqua,MODIS,46,61.03,301.0,9.7,D,0,2023-07-29 04:49:00
36.9096,127.0572,324.2,1.1,1.0,Aqua,MODIS,15,61.03,302.4,11.1,D,0,2023-07-29 04:49:00
36.9851,126.7027,307.8,1.5,1.2,Terra,MODIS,64,61.03,294.7,8.8,N,2,2023-07-29 13:32:00
37.4815,129.0528,314.8,1.4,1.2,Terra,MODIS,67,61.03,292.8,12.1,D,2,2023-07-30 01:32:00
35.7292,128.4623,316.7,1.5,1.2,Terra,MODIS,63,61.03,299.4,13.2,D,2,2023-07-30 01:33:00
35.9087,128.954,318.5,1.4,1.2,Terra,MODIS,36,61.03,302.3,12.9,D,2,2023-07-30 01:33:00
35.0967,128.8624,321.7,1.4,1.2,Terra,MODIS,32,61.03,300.7,15.5,D,2,2023-07-30 01:33:00
35.9661,126.6032,314.6,2.1,1.4,Aqua,MODIS,0,61.03,294.8,19.0,D,2,2023-07-30 05:30:00
36.9812,126.6983,318.3,2.2,1.4,Aqua,MODIS,0,61.03,292.8,27.9,D,2,2023-07-30 05:31:00
36.9813,126.6911,316.8,2.2,1.4,Aqua,MODIS,0,61.03,291.7,24.5,D,2,2023-07-30 05:31:00
37.4873,129.0547,306.8,1.1,1.0,Aqua,MODIS,69,61.03,294.5,6.0,N,2,2023-07-30 17:31:00
37.514,126.7173,307.6,1.2,1.1,Terra,MODIS,24,61.03,273.9,3.9,D,2,2023-07-31 02:13:00
35.7357,128.4664,313.5,1.5,1.2,Terra,MODIS,64,61.03,291.2,13.5,D,2,2023-07-31 02:14:00
35.4273,129.3397,315.3,1.8,1.3,Terra,MODIS,0,61.03,293.7,14.1,D,2,2023-07-31 02:14:00
35.4149,129.16,315.3,1.7,1.3,Terra,MODIS,34,61.03,293.0,18.7,D,0,2023-07-31 02:14:00
35.3169,129.1826,311.1,1.7,1.3,Terra,MODIS,53,61.03,291.6,13.1,D,2,2023-07-31 02:14:00
35.3358,128.8485,314.5,1.6,1.3,Terra,MODIS,59,61.03,291.6,14.0,D,0,2023-07-31 02:14:00
35.1437,128.8741,319.4,1.7,1.3,Terra,MODIS,47,61.03,294.9,18.4,D,2,2023-07-31 02:14:00
35.1526,128.7051,311.7,1.6,1.3,Terra,MODIS,36,61.03,292.0,12.5,D,2,2023-07-31 02:14:00
35.0969,128.8735,318.2,1.7,1.3,Terra,MODIS,0,61.03,293.9,15.7,D,2,2023-07-31 02:14:00
35.1006,128.1924,312.3,1.5,1.2,Terra,MODIS,30,61.03,292.5,9.2,D,2,2023-07-31 02:14:00
35.0989,128.8712,317.4,1.4,1.2,Aqua,MODIS,0,61.03,295.2,12.1,D,2,2023-07-31 04:34:00
35.3662,128.4802,319.7,1.5,1.2,Aqua,MODIS,72,61.03,298.8,15.8,D,2,2023-07-31 04:34:00
36.9841,126.7081,311.8,1.7,1.3,Aqua,MODIS,0,61.03,284.4,13.7,D,2,2023-07-31 04:34:00
36.9883,126.6988,311.4,1.0,1.0,Terra,MODIS,65,61.03,294.1,7.3,N,2,2023-07-31 13:16:00
34.764,126.4457,312.9,3.6,1.8,Terra,MODIS,0,61.03,293.5,36.2,D,2,2023-08-01 01:17:00
34.754,126.4394,317.0,1.2,1.1,Aqua,MODIS,26,61.03,287.4,7.1,D,2,2023-08-01 05:15:00
36.0035,129.3983,303.1,1.5,1.2,Aqua,MODIS,53,61.03,290.2,8.5,N,2,2023-08-01 17:17:00
36.5996,128.5443,310.1,1.0,1.0,Terra,MODIS,58,61.03,291.1,5.1,D,0,2023-08-02 01:57:00
35.7317,128.4645,317.0,1.0,1.0,Terra,MODIS,65,61.03,296.9,10.2,D,2,2023-08-02 01:57:00
35.333,128.7048,309.1,1.0,1.0,Terra,MODIS,52,61.03,288.6,5.9,D,2,2023-08-02 01:57:00
35.1625,127.9518,314.7,1.0,1.0,Terra,MODIS,33,61.03,297.6,6.8,D,0,2023-08-02 01:57:00
35.0303,126.7181,319.1,1.0,1.0,Terra,MODIS,22,61.03,301.4,7.6,D,2,2023-08-02 01:58:00
34.7597,126.4437,315.8,3.4,1.7,Aqua,MODIS,0,61.03,295.5,43.5,D,2,2023-08-02 04:20:00
37.4828,129.049,301.2,1.0,1.0,Terra,MODIS,22,61.03,284.0,2.6,N,2,2023-08-02 12:59:00
36.9826,126.7085,313.2,1.2,1.1,Terra,MODIS,87,61.03,296.3,12.1,N,2,2023-08-02 12:59:00
36.9823,126.6987,304.7,1.1,1.0,Aqua,MODIS,36,61.03,294.4,4.4,N,2,2023-08-02 17:59:00
35.2024,128.6783,315.8,4.0,1.9,Terra,MODIS,40,61.03,294.2,58.8,D,2,2023-08-03 02:38:00
36.4436,127.4202,313.3,3.1,1.7,Terra,MODIS,35,61.03,294.1,27.4,D,2,2023-08-03 02:38:00
36.443,127.4151,313.8,3.1,1.7,Terra,MODIS,32,61.03,294.3,28.9,D,2,2023-08-03 02:38:00
36.0988,128.3881,312.1,3.6,1.8,Terra,MODIS,15,61.03,292.2,31.7,D,2,2023-08-03 02:38:00
35.6866,128.4585,312.2,3.7,1.8,Terra,MODIS,24,61.03,294.8,35.5,D,2,2023-08-03 02:38:00
35.6323,128.4324,315.3,3.7,1.8,Terra,MODIS,47,61.03,295.1,45.7,D,0,2023-08-03 02:38:00
34.7579,126.4364,314.2,2.9,1.6,Terra,MODIS,0,61.03,295.2,34.8,D,2,2023-08-03 02:38:00
34.948,128.417,323.6,1.1,1.0,Aqua,MODIS,38,61.03,304.6,11.6,D,2,2023-08-03 05:01:00
34.6388,126.7677,319.9,1.0,1.0,Aqua,MODIS,45,61.03,302.2,8.4,D,2,2023-08-03 05:01:00
36.4136,128.1587,325.4,1.1,1.0,Aqua,MODIS,54,61.03,306.1,12.8,D,2,2023-08-03 05:01:00
35.2729,126.4983,319.6,1.0,1.0,Aqua,MODIS,31,61.03,300.1,7.3,D,2,2023-08-03 05:01:00
37.4857,127.9892,313.6,1.1,1.0,Aqua,MODIS,36,61.03,293.7,5.2,D,2,2023-08-03 05:02:00
37.0118,127.9463,322.5,1.1,1.0,Aqua,MODIS,49,61.03,303.1,12.4,D,2,2023-08-03 05:02:00
34.9376,128.0873,317.2,1.2,1.1,Terra,MODIS,23,61.03,297.5,9.7,D,2,2023-08-04 01:41:00
35.5194,127.7288,317.0,1.2,1.1,Terra,MODIS,63,61.03,298.1,9.8,D,2,2023-08-04 01:41:00
37.0031,126.397,312.4,3.4,1.7,Aqua,MODIS,0,61.03,293.8,31.8,D,2,2023-08-04 05:44:00
36.9794,126.7148,313.8,3.6,1.8,Aqua,MODIS,0,61.03,293.7,35.5,D,2,2023-08-04 05:44:00
37.483,129.0522,306.8,1.4,1.2,Terra,MODIS,64,61.03,296.7,6.8,N,2,2023-08-04 12:43:00
37.2169,126.8544,318.1,1.5,1.2,Terra,MODIS,29,61.03,299.6,12.1,D,0,2023-08-05 02:21:00
37.3937,126.7086,324.2,1.5,1.2,Terra,MODIS,0,61.03,303.0,16.6,D,2,2023-08-05 02:21:00
36.1032,128.38,319.6,2.0,1.4,Terra,MODIS,0,61.03,298.9,24.1,D,2,2023-08-05 02:21:00
35.3689,128.4909,316.7,2.1,1.4,Terra,MODIS,51,61.03,299.0,17.9,D,2,2023-08-05 02:22:00
35.6875,128.4519,315.8,2.0,1.4,Terra,MODIS,25,61.03,298.9,18.9,D,2,2023-08-05 02:22:00
35.7358,128.4665,315.2,2.0,1.4,Terra,MODIS,52,61.03,297.8,20.0,D,2,2023-08-05 02:22:00
34.8677,128.7129,312.6,2.2,1.4,Terra,MODIS,0,61.03,296.5,17.0,D,2,2023-08-05 02:22:00
35.2798,127.3022,315.4,1.8,1.3,Terra,MODIS,40,61.03,299.8,15.2,D,2,2023-08-05 02:22:00
35.1518,128.7035,313.9,2.2,1.4,Terra,MODIS,41,61.03,298.4,19.4,D,2,2023-08-05 02:22:00
34.8177,127.6744,316.1,1.9,1.4,Terra,MODIS,19,61.03,298.4,15.5,D,2,2023-08-05 02:22:00
35.1418,128.8742,319.7,2.2,1.5,Terra,MODIS,44,61.03,298.7,29.4,D,2,2023-08-05 02:22:00
36.546,127.2722,321.2,1.1,1.1,Aqua,MODIS,40,61.03,302.0,9.0,D,2,2023-08-05 04:47:00
36.4856,126.3744,320.7,1.2,1.1,Aqua,MODIS,65,61.03,300.5,11.7,D,0,2023-08-05 04:47:00
36.7279,127.1039,319.4,1.1,1.1,Aqua,MODIS,40,61.03,301.9,8.7,D,0,2023-08-05 04:47:00
36.852,127.4411,323.4,1.1,1.0,Aqua,MODIS,51,61.03,303.9,13.1,D,2,2023-08-05 04:47:00
36.8142,127.0612,323.1,1.1,1.1,Aqua,MODIS,41,61.03,303.6,10.9,D,0,2023-08-05 04:47:00
36.9881,127.8203,325.1,1.1,1.0,Aqua,MODIS,64,61.03,306.1,13.1,D,0,2023-08-05 04:47:00
37.1442,128.1617,322.0,1.0,1.0,Aqua,MODIS,36,61.03,304.1,9.6,D,0,2023-08-05 04:47:00
37.6455,127.2398,314.0,1.1,1.0,Aqua,MODIS,28,61.03,298.2,5.8,D,2,2023-08-05 04:47:00
35.7994,126.8827,321.1,1.2,1.1,Aqua,MODIS,53,61.03,303.0,11.5,D,2,2023-08-05 04:47:00
34.481,126.2662,318.1,1.3,1.1,Aqua,MODIS,64,61.03,300.6,12.1,D,2,2023-08-05 04:47:00
35.0844,128.9662,325.2,1.0,1.0,Aqua,MODIS,15,61.03,306.0,10.1,D,2,2023-08-05 04:47:00
35.1767,128.5546,319.4,1.1,1.0,Aqua,MODIS,19,61.03,303.4,9.7,D,2,2023-08-05 04:47:00
35.3696,129.2533,320.4,1.0,1.0,Aqua,MODIS,40,61.03,304.0,9.7,D,0,2023-08-05 04:47:00
35.2177,128.1863,318.0,1.1,1.0,Aqua,MODIS,31,61.03,299.8,8.0,D,0,2023-08-05 04:47:00
35.3149,128.2588,321.9,1.1,1.0,Aqua,MODIS,60,61.03,305.1,11.1,D,2,2023-08-05 04:47:00
35.272,127.8356,320.0,1.1,1.1,Aqua,MODIS,50,61.03,303.4,11.8,D,0,2023-08-05 04:47:00
35.2073,126.8037,327.9,1.2,1.1,Aqua,MODIS,62,61.03,305.6,17.2,D,2,2023-08-05 04:47:00
35.6634,129.3034,323.2,1.0,1.0,Aqua,MODIS,56,61.03,302.6,11.2,D,0,2023-08-05 04:47:00
35.5372,128.4899,323.6,1.1,1.0,Aqua,MODIS,34,61.03,305.1,11.2,D,0,2023-08-05 04:47:00
35.5228,127.7302,320.5,1.1,1.1,Aqua,MODIS,39,61.03,304.4,9.4,D,2,2023-08-05 04:47:00
35.8336,129.2059,323.2,1.0,1.0,Aqua,MODIS,30,61.03,303.9,9.0,D,2,2023-08-05 04:47:00
35.6838,127.9059,325.5,1.1,1.0,Aqua,MODIS,23,61.03,305.0,15.6,D,2,2023-08-05 04:47:00
35.9054,128.948,326.0,1.0,1.0,Aqua,MODIS,47,61.03,305.4,14.4,D,2,2023-08-05 04:47:00
35.9143,128.9458,324.3,1.0,1.0,Aqua,MODIS,47,61.03,304.5,10.8,D,0,2023-08-05 04:47:00
35.9828,128.551,319.9,1.0,1.0,Aqua,MODIS,46,61.03,304.3,9.0,D,2,2023-08-05 04:47:00
35.9411,128.289,326.7,1.1,1.0,Aqua,MODIS,36,61.03,305.7,11.0,D,0,2023-08-05 04:47:00
35.9968,128.4123,321.0,1.1,1.0,Aqua,MODIS,56,61.03,303.2,9.2,D,2,2023-08-05 04:47:00
35.9818,128.2615,321.2,1.1,1.0,Aqua,MODIS,24,61.03,303.5,10.2,D,0,2023-08-05 04:47:00
36.1652,128.1319,326.9,1.1,1.0,Aqua,MODIS,78,61.03,304.0,14.6,D,0,2023-08-05 04:47:00
36.2186,127.504,317.6,1.1,1.1,Aqua,MODIS,47,61.03,301.3,8.8,D,0,2023-08-05 04:47:00
37.8516,126.8063,319.5,1.1,1.1,Aqua,MODIS,28,61.03,302.2,7.5,D,0,2023-08-05 04:48:00
36.9853,126.7091,316.2,2.7,1.6,Terra,MODIS,0,61.03,288.1,34.1,D,2,2023-08-06 01:24:00
36.4383,127.4026,315.4,2.4,1.5,Terra,MODIS,0,61.03,295.7,21.7,D,2,2023-08-06 01:24:00
35.6246,128.413,318.0,2.6,1.5,Aqua,MODIS,34,61.03,295.4,28.4,D,0,2023-08-06 05:29:00
35.223,128.1924,316.2,1.2,1.1,Terra,MODIS,29,61.03,298.4,8.0,D,0,2023-08-07 02:05:00
37.1502,128.1676,318.4,1.1,1.1,Terra,MODIS,53,61.03,298.6,8.9,D,0,2023-08-07 02:05:00
37.0111,127.9437,323.5,1.1,1.0,Terra,MODIS,59,61.03,300.0,13.5,D,2,2023-08-07 02:05:00
36.9871,126.7026,334.0,1.0,1.0,Terra,MODIS,62,61.03,301.3,20.5,D,2,2023-08-07 02:05:00
36.8759,126.8798,318.9,1.0,1.0,Terra,MODIS,58,61.03,298.6,8.2,D,2,2023-08-07 02:05:00
36.639,128.1782,318.1,1.1,1.1,Terra,MODIS,63,61.03,298.8,10.1,D,0,2023-08-07 02:05:00
36.4142,129.3708,314.0,1.3,1.1,Terra,MODIS,53,61.03,298.0,8.7,D,2,2023-08-07 02:05:00
36.5885,128.1909,319.7,1.1,1.1,Terra,MODIS,26,61.03,299.2,9.0,D,2,2023-08-07 02:05:00
36.7303,127.0968,316.8,1.0,1.0,Terra,MODIS,29,61.03,298.1,7.0,D,2,2023-08-07 02:05:00
36.6477,127.4412,319.8,1.1,1.0,Terra,MODIS,40,61.03,298.2,9.1,D,2,2023-08-07 02:05:00
36.5961,127.3018,318.7,1.1,1.0,Terra,MODIS,41,61.03,299.4,7.1,D,2,2023-08-07 02:05:00
36.673,126.7541,321.2,1.0,1.0,Terra,MODIS,72,61.03,299.2,9.2,D,0,2023-08-07 02:05:00
36.5493,126.9524,316.0,1.0,1.0,Terra,MODIS,47,61.03,298.1,7.0,D,0,2023-08-07 02:05:00
36.423,127.7397,316.7,1.1,1.0,Terra,MODIS,36,61.03,298.1,7.8,D,0,2023-08-07 02:05:00
36.247,127.6219,316.6,1.1,1.0,Terra,MODIS,35,61.03,298.9,7.8,D,0,2023-08-07 02:05:00
36.1632,128.1285,323.8,1.1,1.1,Terra,MODIS,60,61.03,298.5,15.0,D,0,2023-08-07 02:05:00
36.3169,126.9549,316.9,1.0,1.0,Terra,MODIS,49,61.03,297.9,6.1,D,0,2023-08-07 02:05:00
36.1737,127.7769,318.2,1.1,1.0,Terra,MODIS,42,61.03,300.0,8.6,D,2,2023-08-07 02:05:00
36.1717,127.7888,317.3,1.1,1.0,Terra,MODIS,40,61.03,299.5,7.7,D,2,2023-08-07 02:05:00
36.1872,127.478,316.5,1.1,1.0,Terra,MODIS,50,61.03,299.3,7.9,D,0,2023-08-07 02:05:00
35.9319,128.821,318.5,1.2,1.1,Terra,MODIS,37,61.03,298.7,10.8,D,0,2023-08-07 02:05:00
36.1779,127.0153,321.4,1.1,1.0,Terra,MODIS,55,61.03,298.4,10.2,D,0,2023-08-07 02:05:00
36.1022,127.488,321.3,1.1,1.0,Terra,MODIS,62,61.03,300.9,11.5,D,2,2023-08-07 02:05:00
36.1003,127.4997,319.1,1.1,1.0,Terra,MODIS,34,61.03,300.2,9.1,D,0,2023-08-07 02:05:00
35.9398,128.2928,324.7,1.2,1.1,Terra,MODIS,44,61.03,300.0,11.9,D,0,2023-08-07 02:05:00
36.0073,127.6608,317.0,1.1,1.0,Terra,MODIS,65,61.03,299.9,8.7,D,0,2023-08-07 02:05:00
36.0053,127.6727,315.9,1.1,1.0,Terra,MODIS,63,61.03,299.3,8.0,D,0,2023-08-07 02:05:00
35.9561,127.0088,320.0,1.1,1.0,Terra,MODIS,42,61.03,299.3,8.0,D,2,2023-08-07 02:05:00
35.7315,127.5857,316.8,1.1,1.0,Terra,MODIS,50,61.03,299.3,8.6,D,0,2023-08-07 02:05:00
35.5001,128.8026,318.9,1.2,1.1,Terra,MODIS,64,61.03,300.5,11.2,D,0,2023-08-07 02:05:00
35.4977,128.8159,319.0,1.3,1.1,Terra,MODIS,55,61.03,300.4,11.8,D,0,2023-08-07 02:05:00
35.6138,127.2889,317.2,1.1,1.0,Terra,MODIS,52,61.03,299.2,8.6,D,0,2023-08-07 02:05:00
35.4134,127.8773,316.2,1.1,1.1,Terra,MODIS,29,61.03,298.7,7.9,D,2,2023-08-07 02:05:00
35.2722,127.8427,315.4,1.1,1.1,Terra,MODIS,56,61.03,298.5,8.6,D,0,2023-08-07 02:05:00
35.1151,128.1062,321.9,1.2,1.1,Terra,MODIS,48,61.03,301.0,12.2,D,0,2023-08-07 02:05:00
35.2038,126.7813,325.0,1.1,1.0,Terra,MODIS,35,61.03,298.9,12.7,D,0,2023-08-07 02:05:00
35.202,126.7926,330.0,1.1,1.0,Terra,MODIS,32,61.03,300.6,16.6,D,2,2023-08-07 02:05:00
34.7664,127.0846,318.1,1.1,1.0,Terra,MODIS,59,61.03,300.3,8.7,D,2,2023-08-07 02:05:00
34.6408,126.7705,319.3,1.1,1.0,Terra,MODIS,47,61.03,300.5,8.8,D,2,2023-08-07 02:06:00
34.4786,126.2702,315.0,1.0,1.0,Terra,MODIS,39,61.03,298.3,6.1,D,0,2023-08-07 02:06:00
35.4952,128.8023,318.5,1.5,1.2,Aqua,MODIS,36,61.03,300.3,13.7,D,0,2023-08-07 04:32:00
35.3663,129.0489,320.5,1.4,1.2,Aqua,MODIS,26,61.03,300.2,17.4,D,2,2023-08-07 04:32:00
34.8667,128.7026,317.5,1.6,1.2,Aqua,MODIS,56,61.03,299.1,16.9,D,2,2023-08-07 04:32:00
35.095,128.8638,322.1,1.5,1.2,Aqua,MODIS,0,61.03,301.7,19.5,D,2,2023-08-07 04:32:00
35.092,128.8478,323.5,1.5,1.2,Aqua,MODIS,0,61.03,302.2,21.8,D,2,2023-08-07 04:32:00
35.1362,128.8788,323.9,1.5,1.2,Aqua,MODIS,29,61.03,300.2,18.0,D,2,2023-08-07 04:32:00
35.1479,128.706,316.9,1.5,1.2,Aqua,MODIS,0,61.03,299.9,19.5,D,2,2023-08-07 04:32:00
35.2163,128.5774,314.1,1.6,1.2,Aqua,MODIS,39,61.03,296.8,16.3,D,2,2023-08-07 04:32:00
34.7596,126.4357,319.8,2.2,1.4,Aqua,MODIS,23,61.03,297.4,29.7,D,2,2023-08-07 04:32:00
35.2781,127.3021,315.2,1.8,1.3,Aqua,MODIS,33,61.03,295.4,16.4,D,0,2023-08-07 04:32:00
35.7886,128.3854,315.8,1.5,1.2,Aqua,MODIS,24,61.03,297.1,12.7,D,0,2023-08-07 04:33:00
35.6843,128.4626,319.0,1.5,1.2,Aqua,MODIS,44,61.03,300.7,18.8,D,0,2023-08-07 04:33:00
35.6835,127.9109,320.1,1.7,1.3,Aqua,MODIS,46,61.03,298.2,22.9,D,2,2023-08-07 04:33:00
36.1223,128.1203,319.3,1.6,1.2,Aqua,MODIS,33,61.03,298.4,14.8,D,2,2023-08-07 04:33:00
36.2375,128.2925,316.5,1.5,1.2,Aqua,MODIS,32,61.03,297.9,14.7,D,2,2023-08-07 04:33:00
36.3489,128.7005,312.9,1.4,1.2,Aqua,MODIS,51,61.03,294.8,9.1,D,2,2023-08-07 04:33:00
36.2933,127.569,318.7,1.7,1.3,Aqua,MODIS,51,61.03,298.5,19.1,D,2,2023-08-07 04:33:00
36.442,126.795,312.7,1.9,1.3,Aqua,MODIS,54,61.03,294.5,20.2,D,0,2023-08-07 04:33:00
36.5916,127.4764,311.6,1.7,1.3,Aqua,MODIS,26,61.03,295.1,15.8,D,0,2023-08-07 04:33:00
36.4871,126.3794,314.0,2.0,1.4,Aqua,MODIS,49,61.03,295.4,14.6,D,0,2023-08-07 04:33:00
36.962,127.9377,320.7,1.6,1.2,Aqua,MODIS,51,61.03,299.1,19.6,D,2,2023-08-07 04:33:00
36.9902,127.8326,319.8,1.6,1.2,Aqua,MODIS,58,61.03,299.2,15.2,D,0,2023-08-07 04:33:00
37.1786,128.4663,316.1,1.4,1.2,Aqua,MODIS,46,61.03,298.4,12.3,D,2,2023-08-07 04:33:00
37.1455,128.1512,319.6,1.5,1.2,Aqua,MODIS,59,61.03,299.3,16.0,D,0,2023-08-07 04:33:00
36.9854,126.6921,311.8,1.0,1.0,Terra,MODIS,22,61.03,294.8,6.7,N,2,2023-08-07 13:07:00
36.9799,126.7167,306.7,1.0,1.0,Terra,MODIS,69,61.03,294.7,4.4,N,2,2023-08-07 13:07:00
36.9782,126.7055,308.1,1.0,1.0,Terra,MODIS,74,61.03,294.9,5.3,N,2,2023-08-07 13:07:00
36.9871,126.7033,314.1,1.0,1.0,Terra,MODIS,53,61.03,295.4,8.8,N,2,2023-08-07 13:07:00
37.3306,126.7322,317.5,3.5,1.8,Terra,MODIS,0,61.03,293.7,47.1,D,2,2023-08-08 02:45:00
34.7642,126.4479,313.9,4.0,1.9,Terra,MODIS,0,61.03,292.2,42.8,D,2,2023-08-08 02:46:00
34.758,126.4403,313.1,4.0,1.9,Terra,MODIS,0,61.03,292.0,39.2,D,2,2023-08-08 02:46:00
35.7351,128.4651,317.7,1.5,1.2,Aqua,MODIS,38,61.03,298.0,13.2,D,2,2023-08-08 05:14:00
37.4868,129.0622,312.2,1.4,1.2,Terra,MODIS,46,61.03,298.1,8.8,D,2,2023-08-11 01:32:00
36.1004,128.3665,312.8,4.2,1.9,Aqua,MODIS,0,61.03,297.1,50.0,D,2,2023-08-11 05:42:00
35.1999,126.7983,320.1,1.3,1.1,Terra,MODIS,43,61.03,301.6,13.6,D,2,2023-08-12 02:13:00
36.9817,126.7007,311.7,1.2,1.1,Aqua,MODIS,21,61.03,295.0,9.7,D,2,2023-08-12 04:46:00
36.9519,126.7704,315.0,1.2,1.1,Aqua,MODIS,14,61.03,299.0,9.1,D,0,2023-08-12 04:46:00
36.9849,126.8445,315.9,1.2,1.1,Aqua,MODIS,0,61.03,297.9,9.1,D,2,2023-08-12 04:46:00
35.0953,128.8549,314.9,2.5,1.5,Terra,MODIS,0,61.03,297.0,28.2,D,2,2023-08-13 01:16:00
36.4162,128.1664,316.5,1.0,1.0,Terra,MODIS,35,61.03,300.6,7.4,D,2,2023-08-14 01:56:00
36.9301,127.7585,314.4,1.0,1.0,Terra,MODIS,63,61.03,299.4,6.1,D,0,2023-08-14 01:56:00
36.5967,128.1972,315.3,1.0,1.0,Terra,MODIS,33,61.03,299.9,6.8,D,2,2023-08-14 01:56:00
35.9476,127.0099,315.4,1.0,1.0,Terra,MODIS,23,61.03,300.1,6.1,D,0,2023-08-14 01:57:00
35.9626,128.4128,320.2,1.0,1.0,Terra,MODIS,41,61.03,299.8,9.7,D,0,2023-08-14 01:57:00
35.1381,126.7961,320.0,1.0,1.0,Terra,MODIS,63,61.03,300.9,7.8,D,2,2023-08-14 01:57:00
35.1208,128.1034,315.8,1.0,1.0,Terra,MODIS,53,61.03,299.5,6.6,D,0,2023-08-14 01:57:00
35.2244,128.1366,318.1,1.8,1.3,Aqua,MODIS,42,61.03,299.9,16.7,D,0,2023-08-14 04:31:00
34.9541,128.4169,313.5,1.7,1.3,Aqua,MODIS,0,61.03,297.6,14.3,D,2,2023-08-14 04:31:00
35.7331,128.4568,314.6,1.6,1.3,Aqua,MODIS,53,61.03,294.7,16.2,D,2,2023-08-14 04:31:00
35.933,128.8176,318.0,1.5,1.2,Aqua,MODIS,67,61.03,299.1,16.7,D,0,2023-08-14 04:31:00
36.9816,126.7084,317.4,1.5,1.2,Terra,MODIS,47,61.03,298.1,13.6,D,2,2023-08-16 01:40:00
34.7621,126.4269,313.2,3.9,1.8,Aqua,MODIS,0,61.03,293.8,46.6,D,2,2023-08-16 04:17:00
37.3956,126.697,324.1,1.5,1.2,Terra,MODIS,0,61.03,302.5,18.2,D,2,2023-08-17 02:20:00
37.3926,126.7128,320.3,1.5,1.2,Terra,MODIS,0,61.03,301.0,13.9,D,2,2023-08-17 02:20:00
34.9685,126.6835,319.3,1.0,1.0,Aqua,MODIS,47,61.03,301.4,7.6,D,0,2023-08-17 04:58:00
35.968,127.1202,321.2,1.0,1.0,Aqua,MODIS,59,61.03,304.3,9.5,D,0,2023-08-17 04:58:00
35.9519,127.0114,321.0,1.0,1.0,Aqua,MODIS,52,61.03,302.2,9.2,D,2,2023-08-17 04:58:00
37.2927,127.8015,306.8,1.0,1.0,Aqua,MODIS,32,61.03,284.7,6.6,D,0,2023-08-17 04:59:00
36.495,126.3835,316.5,1.0,1.0,Aqua,MODIS,42,61.03,300.6,6.8,D,0,2023-08-17 04:59:00
36.9862,126.694,307.8,1.2,1.1,Terra,MODIS,73,61.03,294.8,7.7,N,2,2023-08-17 13:23:00
36.6473,127.4456,319.0,1.1,1.0,Terra,MODIS,64,61.03,298.5,8.1,D,2,2023-08-19 02:04:00
36.972,126.8578,320.9,1.0,1.0,Terra,MODIS,17,61.03,301.2,8.1,D,0,2023-08-19 02:04:00
36.4223,127.7359,315.1,1.1,1.0,Terra,MODIS,49,61.03,296.7,7.7,D,0,2023-08-19 02:04:00
36.2472,127.6252,313.2,1.1,1.0,Terra,MODIS,45,61.03,296.8,6.7,D,0,2023-08-19 02:04:00
36.1863,127.4763,315.1,1.1,1.0,Terra,MODIS,34,61.03,297.3,7.7,D,0,2023-08-19 02:04:00
36.2472,126.8686,315.9,1.0,1.0,Terra,MODIS,19,61.03,296.1,5.6,D,0,2023-08-19 02:04:00
35.8406,128.423,311.6,1.2,1.1,Terra,MODIS,37,61.03,293.4,6.1,D,0,2023-08-19 02:04:00
35.8225,128.5046,316.2,1.2,1.1,Terra,MODIS,51,61.03,295.0,9.5,D,2,2023-08-19 02:04:00
35.6578,128.4034,315.6,1.2,1.1,Terra,MODIS,23,61.03,295.2,9.4,D,0,2023-08-19 02:04:00
35.2794,127.2971,315.4,1.1,1.0,Terra,MODIS,65,61.03,296.8,8.1,D,2,2023-08-19 02:05:00
35.208,126.8126,321.2,1.1,1.0,Terra,MODIS,60,61.03,298.6,9.5,D,2,2023-08-19 02:05:00
35.2026,126.788,325.3,1.1,1.0,Terra,MODIS,50,61.03,298.3,14.1,D,0,2023-08-19 02:05:00
36.8863,127.6778,316.1,1.2,1.1,Aqua,MODIS,58,61.03,297.9,9.5,D,0,2023-08-19 04:44:00
35.1548,127.9457,313.0,1.2,1.1,Aqua,MODIS,51,61.03,295.5,8.7,D,2,2023-08-19 04:44:00
35.9653,128.2774,314.8,1.1,1.1,Aqua,MODIS,53,61.03,292.2,7.8,D,0,2023-08-19 04:44:00
35.9691,126.5912,317.5,1.4,1.2,Aqua,MODIS,0,61.03,297.5,11.1,D,2,2023-08-19 04:44:00
36.1794,127.4777,315.1,1.2,1.1,Aqua,MODIS,53,61.03,297.0,9.1,D,0,2023-08-19 04:44:00
36.2025,127.0813,320.2,1.3,1.1,Aqua,MODIS,70,61.03,298.0,14.2,D,2,2023-08-19 04:44:00
36.2465,127.2702,312.6,1.2,1.1,Aqua,MODIS,35,61.03,294.8,7.2,D,0,2023-08-19 04:44:00
36.4099,128.156,320.2,1.1,1.1,Aqua,MODIS,41,61.03,300.5,11.2,D,2,2023-08-19 04:44:00
36.8111,128.6202,317.2,1.1,1.0,Aqua,MODIS,50,61.03,297.8,9.4,D,2,2023-08-19 04:44:00
36.6492,127.4419,321.1,1.2,1.1,Aqua,MODIS,68,61.03,299.9,11.8,D,2,2023-08-19 04:44:00
36.9926,127.816,319.2,1.2,1.1,Aqua,MODIS,38,61.03,299.4,10.8,D,0,2023-08-19 04:44:00
36.9792,126.8534,320.9,1.3,1.1,Aqua,MODIS,27,61.03,301.2,11.4,D,2,2023-08-19 04:44:00
36.9833,126.7055,325.4,1.3,1.1,Aqua,MODIS,24,61.03,304.7,17.1,D,2,2023-08-19 04:44:00
37.6356,128.1506,317.3,1.1,1.0,Aqua,MODIS,68,61.03,296.9,12.1,D,0,2023-08-19 04:44:00
37.6076,126.6014,325.1,1.3,1.1,Aqua,MODIS,54,61.03,306.7,13.4,D,0,2023-08-19 04:44:00
38.0991,127.989,316.0,1.1,1.0,Aqua,MODIS,30,61.03,301.4,8.0,D,2,2023-08-19 04:44:00
36.9855,126.6967,306.7,1.0,1.0,Terra,MODIS,41,61.03,294.9,5.3,N,2,2023-08-19 13:06:00
35.625,128.4191,316.4,2.2,1.4,Aqua,MODIS,18,61.03,294.0,19.1,D,0,2023-08-20 05:26:00
36.9896,126.7083,302.9,2.6,1.6,Terra,MODIS,52,61.03,290.5,14.9,N,2,2023-08-20 13:47:00
35.9307,128.235,318.3,1.0,1.0,Terra,MODIS,34,61.03,299.2,7.5,D,0,2023-08-21 01:48:00
35.9908,128.4067,317.1,1.7,1.3,Aqua,MODIS,0,61.03,299.6,17.0,D,2,2023-08-21 04:29:00
34.8667,128.7021,314.8,1.8,1.3,Aqua,MODIS,47,61.03,298.1,18.2,D,2,2023-08-21 04:29:00
35.1503,128.6589,313.7,1.8,1.3,Aqua,MODIS,0,61.03,298.6,14.9,D,2,2023-08-21 04:29:00
37.4824,129.051,305.8,1.1,1.1,Terra,MODIS,66,61.03,295.8,5.6,N,2,2023-08-21 12:50:00
36.9809,126.6938,305.3,1.5,1.2,Terra,MODIS,40,61.03,290.9,10.3,N,2,2023-08-21 12:50:00
35.868,128.8338,311.7,2.9,1.6,Terra,MODIS,41,61.03,294.3,22.7,D,2,2023-08-22 02:28:00
36.9868,126.8399,312.9,1.2,1.1,Aqua,MODIS,0,61.03,293.3,6.5,D,2,2023-08-22 05:11:00
37.0606,126.9124,311.0,4.8,2.0,Terra,MODIS,46,61.03,292.6,55.6,D,0,2023-08-25 02:52:00
37.0599,126.9189,312.9,4.8,2.0,Terra,MODIS,46,61.03,292.4,60.4,D,0,2023-08-25 02:52:00
36.9807,126.7031,315.7,2.9,1.6,Aqua,MODIS,0,61.03,298.7,39.3,D,2,2023-08-25 05:39:00
35.8504,128.3558,317.3,1.0,1.0,Terra,MODIS,47,61.03,302.1,8.5,D,0,2023-08-26 01:56:00
35.9595,129.3134,315.0,1.1,1.0,Terra,MODIS,66,61.03,301.3,8.5,D,0,2023-08-26 01:56:00
35.9147,128.9559,318.1,1.0,1.0,Terra,MODIS,37,61.03,303.4,9.5,D,0,2023-08-26 01:56:00
35.7327,128.4591,319.9,1.0,1.0,Terra,MODIS,75,61.03,306.7,12.3,D,2,2023-08-26 01:56:00
35.731,128.47,315.9,1.0,1.0,Terra,MODIS,40,61.03,304.2,8.5,D,2,2023-08-26 01:56:00
35.5514,129.3753,319.0,1.1,1.0,Terra,MODIS,0,61.03,303.9,12.3,D,2,2023-08-26 01:56:00
35.5771,129.0967,315.6,1.1,1.0,Terra,MODIS,26,61.03,301.6,7.1,D,0,2023-08-26 01:56:00
35.4675,128.7334,313.7,1.0,1.0,Terra,MODIS,38,61.03,303.2,7.1,D,0,2023-08-26 01:56:00
35.3696,129.0589,320.7,1.1,1.0,Terra,MODIS,43,61.03,304.2,12.8,D,2,2023-08-26 01:56:00
35.4042,128.4843,316.4,1.0,1.0,Terra,MODIS,23,61.03,303.8,7.3,D,0,2023-08-26 01:56:00
35.3687,128.4762,318.4,1.0,1.0,Terra,MODIS,69,61.03,305.8,9.5,D,2,2023-08-26 01:56:00
35.2213,128.8257,323.2,1.0,1.0,Terra,MODIS,60,61.03,305.4,10.5,D,0,2023-08-26 01:56:00
35.2916,128.3163,318.7,1.0,1.0,Terra,MODIS,73,61.03,305.5,9.2,D,2,2023-08-26 01:56:00
35.1639,128.9518,319.9,1.1,1.0,Terra,MODIS,35,61.03,303.2,7.5,D,2,2023-08-26 01:56:00
35.1471,128.8253,315.4,1.0,1.0,Terra,MODIS,61,61.03,302.6,8.0,D,0,2023-08-26 01:56:00
35.2263,128.1382,323.0,1.0,1.0,Terra,MODIS,52,61.03,305.4,11.3,D,0,2023-08-26 01:56:00
35.2246,128.149,321.9,1.0,1.0,Terra,MODIS,51,61.03,303.5,10.1,D,0,2023-08-26 01:56:00
35.1166,128.7837,315.8,1.0,1.0,Terra,MODIS,25,61.03,303.3,7.6,D,2,2023-08-26 01:56:00
35.0951,128.8598,322.6,1.0,1.0,Terra,MODIS,47,61.03,305.1,12.2,D,2,2023-08-26 01:56:00
34.9513,128.4183,315.1,1.0,1.0,Terra,MODIS,0,61.03,303.5,8.5,D,2,2023-08-26 01:56:00
34.8708,128.6968,316.8,1.0,1.0,Terra,MODIS,24,61.03,304.3,9.4,D,2,2023-08-26 01:56:00
35.9111,128.952,315.0,1.1,1.1,Aqua,MODIS,50,61.03,298.1,8.8,D,2,2023-08-26 04:42:00
35.143,128.8644,321.2,1.2,1.1,Aqua,MODIS,36,61.03,304.9,11.9,D,0,2023-08-26 04:42:00
35.3704,129.2571,317.5,1.1,1.1,Aqua,MODIS,60,61.03,303.0,10.5,D,0,2023-08-26 04:42:00
35.6795,128.452,323.4,1.2,1.1,Aqua,MODIS,42,61.03,307.7,15.7,D,0,2023-08-26 04:42:00
35.7249,128.4606,315.4,1.2,1.1,Aqua,MODIS,37,61.03,300.5,9.8,D,0,2023-08-26 04:42:00
35.8643,129.1082,316.5,1.1,1.1,Aqua,MODIS,39,61.03,303.8,9.7,D,2,2023-08-26 04:42:00
35.9357,129.271,317.6,1.1,1.0,Aqua,MODIS,38,61.03,302.7,9.3,D,0,2023-08-26 04:42:00
35.8625,128.837,325.7,1.1,1.1,Aqua,MODIS,61,61.03,308.1,18.5,D,0,2023-08-26 04:42:00
36.0059,129.3862,305.8,1.0,1.0,Terra,MODIS,59,61.03,295.8,5.0,N,2,2023-08-26 12:57:00
35.671,129.3215,316.4,1.3,1.1,Terra,MODIS,37,61.03,297.0,11.3,D,0,2023-08-31 02:03:00
34.745,126.1468,321.9,1.1,1.1,Aqua,MODIS,60,61.03,295.1,17.8,D,0,2023-08-31 04:55:00
36.9803,126.7136,307.3,1.0,1.0,Terra,MODIS,68,61.03,293.9,7.3,N,2,2023-08-31 13:05:00
36.1571,126.9886,313.3,1.1,1.1,Terra,MODIS,0,61.03,301.1,6.8,D,0,2023-09-02 01:47:00
36.4107,128.1559,316.2,1.3,1.1,Aqua,MODIS,57,61.03,302.6,11.2,D,2,2023-09-02 04:40:00
37.4847,129.0546,303.3,1.2,1.1,Terra,MODIS,54,61.03,291.8,6.4,N,2,2023-09-02 12:49:00
33.3079,126.7541,313.1,2.4,1.5,Terra,MODIS,0,61.03,293.7,27.4,D,0,2023-09-03 02:28:00
35.2278,128.1451,317.0,1.6,1.2,Terra,MODIS,57,61.03,296.4,14.8,D,0,2023-09-04 01:31:00
34.7635,126.4488,313.6,2.9,1.6,Aqua,MODIS,0,61.03,295.2,31.0,D,2,2023-09-04 04:26:00
34.8698,128.6953,314.8,1.2,1.1,Aqua,MODIS,26,61.03,299.9,9.1,D,2,2023-09-05 05:07:00
36.9872,126.7251,306.9,1.0,1.0,Terra,MODIS,27,61.03,295.1,4.8,N,2,2023-09-05 13:13:00
36.9842,126.7029,309.8,1.0,1.0,Terra,MODIS,78,61.03,295.9,6.8,N,2,2023-09-05 13:13:00
36.9857,126.714,306.0,1.0,1.0,Terra,MODIS,43,61.03,295.4,4.4,N,2,2023-09-05 13:13:00
36.9827,126.6918,306.0,1.0,1.0,Terra,MODIS,23,61.03,295.6,4.2,N,2,2023-09-05 13:13:00
36.9886,126.7028,316.3,1.0,1.0,Aqua,MODIS,93,61.03,296.4,13.1,N,2,2023-09-06 17:50:00
36.987,126.7138,310.6,1.0,1.0,Aqua,MODIS,80,61.03,296.6,8.6,N,2,2023-09-06 17:50:00
35.7285,128.4628,313.2,1.0,1.0,Terra,MODIS,53,61.03,301.2,7.6,D,2,2023-09-07 01:55:00
35.8753,128.4747,315.4,1.0,1.0,Terra,MODIS,28,61.03,304.1,7.5,D,2,2023-09-07 01:55:00
35.2179,128.8275,321.5,1.0,1.0,Terra,MODIS,77,61.03,305.9,10.7,D,2,2023-09-07 01:55:00
36.9382,127.4726,322.6,1.0,1.0,Aqua,MODIS,77,61.03,303.2,11.3,D,0,2023-09-07 04:53:00
36.9365,127.4613,317.8,1.0,1.0,Aqua,MODIS,66,61.03,302.1,6.9,D,0,2023-09-07 04:53:00
36.983,126.7093,325.9,1.1,1.0,Aqua,MODIS,26,61.03,313.1,15.3,D,2,2023-09-07 04:53:00
36.981,126.6976,324.9,1.1,1.0,Aqua,MODIS,18,61.03,312.2,13.6,D,2,2023-09-07 04:53:00
36.9859,126.7035,315.8,1.5,1.2,Terra,MODIS,0,61.03,301.8,14.2,D,2,2023-09-09 01:38:00
36.9842,126.7205,316.6,1.5,1.2,Terra,MODIS,28,61.03,302.3,14.4,D,2,2023-09-09 01:38:00
35.0824,128.7675,320.2,1.3,1.1,Aqua,MODIS,29,61.03,306.0,14.5,D,3,2023-09-09 04:38:00
35.0677,128.0686,319.2,1.4,1.2,Aqua,MODIS,44,61.03,305.4,14.2,D,2,2023-09-09 04:38:00
35.3666,129.253,313.3,1.2,1.1,Aqua,MODIS,61,61.03,303.0,10.2,D,0,2023-09-09 04:38:00
35.3622,128.4768,319.1,1.4,1.2,Aqua,MODIS,73,61.03,306.9,16.0,D,2,2023-09-09 04:38:00
35.6783,128.4561,318.0,1.3,1.1,Aqua,MODIS,38,61.03,304.2,13.5,D,2,2023-09-09 04:38:00
35.7311,128.4565,318.1,1.3,1.1,Aqua,MODIS,72,61.03,306.1,17.3,D,2,2023-09-09 04:38:00
37.2283,127.2956,315.5,1.4,1.2,Aqua,MODIS,68,61.03,302.3,13.5,D,0,2023-09-09 04:39:00
37.222,127.2927,318.9,1.4,1.2,Aqua,MODIS,73,61.03,300.7,18.6,D,0,2023-09-09 04:39:00
36.9888,127.8256,314.1,1.7,1.3,Aqua,MODIS,61,61.03,299.0,11.2,D,0,2023-09-10 05:20:00
35.0985,128.8735,315.1,1.9,1.4,Terra,MODIS,0,61.03,298.8,16.5,D,2,2023-09-11 01:22:00
36.9829,126.688,303.0,1.0,1.0,Terra,MODIS,47,61.03,291.4,5.3,N,2,2023-09-17 13:12:00
36.187,128.6587,312.7,2.3,1.5,Aqua,MODIS,68,61.03,294.4,25.8,D,0,2023-09-18 04:22:00
37.4227,129.1748,309.6,1.0,1.0,Terra,MODIS,61,61.03,295.5,5.3,D,2,2023-09-19 01:53:00
36.4755,128.8904,312.1,1.0,1.0,Terra,MODIS,68,61.03,296.1,7.9,D,0,2023-09-19 01:53:00
36.9675,128.6938,303.8,1.1,1.1,Terra,MODIS,45,61.03,293.7,5.3,D,2,2023-09-24 02:01:00
36.9846,126.7066,315.4,1.0,1.0,Terra,MODIS,40,61.03,302.9,8.3,D,2,2023-09-24 02:01:00
36.3392,127.9907,305.4,1.1,1.0,Terra,MODIS,52,61.03,293.7,5.2,D,0,2023-09-24 02:01:00
36.0911,128.3728,315.9,1.1,1.1,Terra,MODIS,52,61.03,300.6,10.8,D,2,2023-09-24 02:01:00
36.0118,128.5026,307.7,1.1,1.1,Terra,MODIS,56,61.03,294.0,8.0,D,0,2023-09-24 02:01:00
36.0097,128.5148,307.0,1.1,1.1,Terra,MODIS,54,61.03,293.6,7.3,D,0,2023-09-24 02:01:00
35.9361,128.8319,310.2,1.2,1.1,Terra,MODIS,60,61.03,297.9,6.6,D,0,2023-09-24 02:01:00
35.8672,128.5439,313.6,1.1,1.1,Terra,MODIS,47,61.03,299.9,7.5,D,2,2023-09-24 02:01:00
35.7295,128.4646,308.3,1.1,1.1,Terra,MODIS,48,61.03,297.7,6.9,D,2,2023-09-24 02:01:00
35.7268,128.2698,303.0,1.1,1.1,Terra,MODIS,22,61.03,290.4,3.3,D,2,2023-09-24 02:01:00
35.6762,128.4583,310.9,1.1,1.1,Terra,MODIS,37,61.03,299.4,7.3,D,0,2023-09-24 02:01:00
35.7131,128.0067,306.7,1.1,1.0,Terra,MODIS,38,61.03,295.4,5.4,D,0,2023-09-24 02:01:00
35.2583,128.2354,310.6,1.1,1.1,Terra,MODIS,68,61.03,295.7,8.9,D,0,2023-09-24 02:01:00
35.1918,128.2507,307.8,1.1,1.1,Terra,MODIS,60,61.03,296.1,5.6,D,0,2023-09-24 02:01:00
35.1839,128.124,311.1,1.1,1.1,Terra,MODIS,39,61.03,296.4,6.0,D,2,2023-09-24 02:01:00
35.1746,128.1218,315.4,1.1,1.1,Terra,MODIS,75,61.03,298.2,10.6,D,2,2023-09-24 02:01:00
35.1775,128.1199,324.1,1.2,1.1,Aqua,MODIS,80,61.03,301.4,17.5,D,2,2023-09-28 04:46:00
35.734,128.4643,311.0,1.1,1.1,Aqua,MODIS,58,61.03,300.1,7.2,D,2,2023-09-28 04:46:00
35.8994,129.0752,308.1,1.1,1.0,Aqua,MODIS,45,61.03,295.9,5.4,D,0,2023-09-28 04:46:00
35.839,128.4182,311.8,1.1,1.1,Aqua,MODIS,55,61.03,298.5,6.9,D,0,2023-09-28 04:46:00
36.0776,128.1238,308.6,1.1,1.1,Aqua,MODIS,53,61.03,297.9,5.5,D,0,2023-09-28 04:46:00
37.1433,127.5127,314.6,1.2,1.1,Aqua,MODIS,72,61.03,296.9,10.5,D,0,2023-09-28 04:47:00
37.481,129.0539,313.5,1.0,1.0,Aqua,MODIS,56,61.03,299.4,9.2,D,2,2023-09-28 04:47:00
38.269,127.5669,308.5,1.1,1.1,Aqua,MODIS,44,61.03,292.8,7.8,D,0,2023-09-28 04:47:00
35.9394,128.2875,310.9,1.7,1.3,Aqua,MODIS,50,61.03,297.3,13.5,D,0,2023-09-30 04:32:00
35.7302,128.4632,308.4,1.0,1.0,Terra,MODIS,61,61.03,297.6,6.5,D,2,2023-10-01 01:52:00
36.9822,126.71,316.0,1.0,1.0,Terra,MODIS,42,61.03,302.7,10.1,D,2,2023-10-01 01:52:00
35.5534,129.3744,316.7,1.0,1.0,Terra,MODIS,0,61.03,302.4,10.6,D,2,2023-10-01 01:52:00
35.5139,127.7251,302.5,1.0,1.0,Terra,MODIS,23,61.03,292.4,3.4,D,2,2023-10-01 01:52:00
36.9837,126.6984,315.5,1.0,1.0,Terra,MODIS,44,61.03,301.2,9.2,D,2,2023-10-01 01:52:00
37.4851,129.0547,301.4,1.0,1.0,Terra,MODIS,41,61.03,287.0,6.5,N,2,2023-10-01 12:54:00
36.4222,126.6316,307.0,2.5,1.5,Terra,MODIS,60,61.03,292.2,20.9,D,0,2023-10-02 02:32:00
36.4161,126.6586,319.2,2.5,1.5,Terra,MODIS,79,61.03,293.0,58.5,D,0,2023-10-02 02:32:00
36.4079,126.6505,312.8,2.5,1.5,Terra,MODIS,69,61.03,292.9,40.0,D,0,2023-10-02 02:32:00
37.4777,129.0497,306.7,1.1,1.0,Aqua,MODIS,64,61.03,296.0,8.2,D,2,2023-10-05 04:44:00
35.1491,128.862,311.8,1.2,1.1,Aqua,MODIS,58,61.03,301.3,9.9,D,0,2023-10-05 04:44:00
36.9796,126.7065,314.6,1.4,1.2,Aqua,MODIS,19,61.03,300.2,15.2,D,2,2023-10-05 04:44:00
38.2485,128.2096,303.4,1.1,1.1,Aqua,MODIS,50,61.03,292.2,6.7,D,2,2023-10-05 04:44:00
38.371,128.4404,305.6,1.1,1.0,Aqua,MODIS,62,61.03,293.0,6.4,D,0,2023-10-05 04:45:00
37.4833,129.0565,304.5,1.1,1.1,Terra,MODIS,59,61.03,292.2,7.2,D,2,2023-10-06 01:59:00
36.3001,128.6732,310.1,1.1,1.1,Terra,MODIS,69,61.03,290.4,11.3,D,0,2023-10-06 01:59:00
36.9816,126.7072,305.1,1.6,1.3,Aqua,MODIS,44,61.03,288.5,8.4,D,2,2023-10-06 05:26:00
36.9875,126.7149,300.1,1.0,1.0,Aqua,MODIS,7,61.03,288.9,5.1,N,2,2023-10-09 17:53:00
36.5035,126.7375,300.3,1.1,1.0,Aqua,MODIS,24,61.03,287.6,3.1,D,0,2023-10-10 04:56:00
36.8546,126.5583,303.2,1.1,1.0,Aqua,MODIS,47,61.03,291.8,4.4,D,0,2023-10-10 04:56:00
38.2665,127.5682,309.4,1.1,1.1,Terra,MODIS,69,61.03,290.1,11.4,D,0,2023-10-11 02:06:00
38.1274,127.2869,301.6,1.1,1.0,Terra,MODIS,40,61.03,290.8,3.9,D,0,2023-10-11 02:06:00
36.9856,126.7104,315.8,1.1,1.0,Terra,MODIS,59,61.03,293.8,12.6,D,2,2023-10-11 02:06:00
36.3739,126.919,303.7,1.1,1.1,Terra,MODIS,57,61.03,292.2,4.9,D,2,2023-10-11 02:07:00
36.3748,127.0854,303.3,1.1,1.1,Terra,MODIS,56,61.03,292.6,4.8,D,0,2023-10-11 02:07:00
36.1234,128.0561,306.7,1.3,1.1,Terra,MODIS,19,61.03,293.3,7.7,D,0,2023-10-11 02:07:00
36.0549,127.4973,314.6,1.2,1.1,Terra,MODIS,75,61.03,292.5,15.5,D,0,2023-10-11 02:07:00
35.9867,127.0649,306.8,1.2,1.1,Terra,MODIS,56,61.03,294.6,5.2,D,0,2023-10-11 02:07:00
35.9494,127.0238,308.5,1.2,1.1,Terra,MODIS,67,61.03,295.5,6.0,D,0,2023-10-11 02:07:00
35.9473,127.0361,306.0,1.2,1.1,Terra,MODIS,52,61.03,294.7,4.0,D,0,2023-10-11 02:07:00
35.7025,126.8913,307.3,1.1,1.1,Terra,MODIS,65,61.03,295.7,4.7,D,2,2023-10-11 02:07:00
35.4032,127.3264,305.0,1.2,1.1,Terra,MODIS,60,61.03,294.0,4.9,D,0,2023-10-11 02:07:00
35.323,127.1934,306.6,1.2,1.1,Terra,MODIS,64,61.03,294.0,6.4,D,0,2023-10-11 02:07:00
34.9415,126.3225,313.2,1.1,1.1,Terra,MODIS,0,61.03,295.1,8.6,D,0,2023-10-11 02:07:00
35.2444,128.1502,307.0,1.4,1.2,Aqua,MODIS,58,61.03,292.4,8.7,D,0,2023-10-12 04:41:00
36.555,129.1035,302.8,1.2,1.1,Aqua,MODIS,39,61.03,290.9,4.7,D,0,2023-10-12 04:41:00
36.9857,126.6977,311.4,1.5,1.2,Aqua,MODIS,0,61.03,298.6,10.2,D,2,2023-10-12 04:41:00
37.0995,127.1223,309.9,1.4,1.2,Aqua,MODIS,69,61.03,296.5,10.7,D,2,2023-10-12 04:41:00
38.1877,127.3491,301.5,1.3,1.1,Aqua,MODIS,35,61.03,290.6,5.0,D,0,2023-10-12 04:42:00
37.4845,129.0531,300.2,1.0,1.0,Terra,MODIS,31,61.03,281.2,5.4,D,2,2023-10-13 01:50:00
36.9828,126.6955,305.5,1.7,1.3,Terra,MODIS,0,61.03,292.4,12.4,D,2,2023-10-15 01:33:00
36.9811,126.7144,302.8,1.7,1.3,Terra,MODIS,29,61.03,289.5,8.1,D,2,2023-10-15 01:33:00
36.9824,126.7109,308.1,1.3,1.1,Terra,MODIS,55,61.03,296.5,8.9,D,2,2023-10-16 02:14:00
36.2159,126.7667,300.2,1.4,1.2,Terra,MODIS,22,61.03,289.6,3.8,D,0,2023-10-16 02:14:00
35.0889,126.2242,308.6,1.2,1.1,Aqua,MODIS,0,61.03,295.6,8.8,D,0,2023-10-17 04:53:00
35.3133,126.5231,306.7,1.2,1.1,Aqua,MODIS,64,61.03,294.9,5.6,D,0,2023-10-17 04:53:00
35.478,127.4114,303.3,1.1,1.0,Aqua,MODIS,50,61.03,293.0,4.5,D,0,2023-10-17 04:53:00
35.3345,126.5635,308.9,1.2,1.1,Aqua,MODIS,68,61.03,295.2,7.8,D,0,2023-10-17 04:53:00
35.6066,126.7798,304.7,1.1,1.1,Aqua,MODIS,49,61.03,293.0,4.7,D,0,2023-10-17 04:53:00
35.6981,126.8907,309.1,1.1,1.1,Aqua,MODIS,68,61.03,296.5,5.9,D,2,2023-10-17 04:53:00
35.8379,126.9366,306.6,1.1,1.1,Aqua,MODIS,64,61.03,296.2,4.3,D,0,2023-10-17 04:53:00
35.9775,127.064,319.5,1.1,1.0,Aqua,MODIS,79,61.03,295.7,16.1,D,0,2023-10-17 04:53:00
37.4815,129.0481,305.6,1.0,1.0,Aqua,MODIS,62,61.03,295.0,6.4,D,2,2023-10-17 04:53:00
37.4851,129.0522,304.0,1.1,1.0,Terra,MODIS,58,61.03,291.3,6.2,D,2,2023-10-18 01:57:00
36.9848,126.7057,314.5,1.0,1.0,Terra,MODIS,75,61.03,297.5,10.0,D,2,2023-10-18 01:57:00
36.9832,126.7167,309.6,1.0,1.0,Terra,MODIS,49,61.03,295.3,6.4,D,2,2023-10-18 01:57:00
35.698,127.2727,304.5,1.0,1.0,Terra,MODIS,59,61.03,292.3,5.3,D,0,2023-10-18 01:57:00
35.4138,128.8695,303.8,1.1,1.1,Terra,MODIS,57,61.03,290.3,6.3,D,2,2023-10-18 01:57:00
35.1049,128.215,302.1,1.1,1.0,Terra,MODIS,42,61.03,291.2,4.1,D,0,2023-10-18 01:58:00
34.8679,128.7056,301.0,1.1,1.1,Terra,MODIS,0,61.03,290.2,4.2,D,2,2023-10-18 01:58:00
34.5924,127.176,309.9,1.0,1.0,Terra,MODIS,51,61.03,295.3,6.7,D,0,2023-10-18 01:58:00
37.4873,129.0551,302.7,1.1,1.0,Terra,MODIS,53,61.03,291.2,6.3,D,2,2023-10-20 01:40:00
35.9475,128.2209,302.3,1.1,1.0,Terra,MODIS,15,61.03,291.5,4.7,D,0,2023-10-20 01:41:00
35.8481,128.3557,300.5,1.1,1.0,Terra,MODIS,25,61.03,290.5,4.3,D,0,2023-10-20 01:41:00
38.2486,128.2093,307.3,1.2,1.1,Terra,MODIS,65,61.03,287.2,10.7,D,2,2023-10-23 02:04:00
36.371,126.9191,300.7,1.1,1.0,Terra,MODIS,41,61.03,289.8,3.9,D,2,2023-10-23 02:04:00
36.1225,127.0249,305.3,1.1,1.0,Terra,MODIS,44,61.03,292.1,4.1,D,0,2023-10-23 02:05:00
36.1949,127.1489,306.6,1.1,1.1,Terra,MODIS,48,61.03,291.7,6.3,D,0,2023-10-23 02:05:00
36.2082,126.9527,307.5,1.1,1.0,Terra,MODIS,45,61.03,289.1,7.4,D,0,2023-10-23 02:05:00
36.16,127.1276,302.3,1.1,1.1,Terra,MODIS,51,61.03,291.1,3.4,D,0,2023-10-23 02:05:00
36.0422,126.9487,311.3,1.1,1.0,Terra,MODIS,71,61.03,292.0,8.9,D,0,2023-10-23 02:05:00
35.829,126.8837,304.3,1.1,1.0,Terra,MODIS,58,61.03,289.7,4.7,D,0,2023-10-23 02:05:00
35.5889,126.7082,308.4,1.1,1.0,Terra,MODIS,62,61.03,292.9,7.4,D,0,2023-10-23 02:05:00
34.9146,126.5813,303.4,1.1,1.0,Terra,MODIS,55,61.03,292.5,3.9,D,0,2023-10-23 02:05:00
34.685,126.9405,310.5,1.1,1.1,Terra,MODIS,66,61.03,293.2,10.0,D,0,2023-10-23 02:05:00
36.9846,126.6941,301.1,1.0,1.0,Terra,MODIS,38,61.03,287.7,6.9,N,2,2023-10-23 13:07:00
36.9854,126.7012,309.2,1.0,1.0,Aqua,MODIS,77,61.03,286.2,12.7,N,2,2023-10-23 17:47:00
35.4371,127.3079,302.1,1.2,1.1,Aqua,MODIS,37,61.03,288.8,5.2,D,0,2023-10-24 04:50:00
37.4824,129.0482,305.8,1.0,1.0,Aqua,MODIS,62,61.03,294.0,6.5,D,2,2023-10-24 04:50:00
37.4245,129.1741,304.9,1.0,1.0,Terra,MODIS,52,61.03,293.9,4.7,D,2,2023-10-25 01:47:00
37.028,128.3215,300.2,1.0,1.0,Terra,MODIS,30,61.03,288.7,4.1,D,2,2023-10-25 01:48:00
35.9238,128.2627,305.4,1.6,1.2,Terra,MODIS,47,61.03,292.8,8.3,D,0,2023-10-28 02:12:00
36.9855,126.7108,308.2,1.3,1.1,Terra,MODIS,49,61.03,295.1,8.1,D,2,2023-10-28 02:12:00
37.4814,129.0596,302.4,1.1,1.0,Terra,MODIS,44,61.03,290.7,5.3,D,2,2023-10-30 01:55:00
37.4247,129.1787,301.8,1.1,1.0,Terra,MODIS,37,61.03,288.2,4.5,D,2,2023-10-30 01:55:00
36.9857,126.696,305.2,1.0,1.0,Terra,MODIS,35,61.03,292.9,3.7,D,2,2023-10-30 01:55:00
35.1318,127.9676,303.1,1.0,1.0,Terra,MODIS,48,61.03,290.7,5.3,D,0,2023-10-30 01:55:00
35.3069,128.3102,308.1,1.2,1.1,Aqua,MODIS,64,61.03,297.4,6.1,D,0,2023-10-31 04:46:00
35.5898,128.026,308.6,1.2,1.1,Aqua,MODIS,0,61.03,292.6,10.3,D,0,2023-10-31 04:46:00
37.4829,129.0479,306.5,1.1,1.0,Aqua,MODIS,64,61.03,295.8,6.6,D,2,2023-10-31 04:47:00
35.9891,128.2599,313.9,1.2,1.1,Aqua,MODIS,42,61.03,298.1,10.8,D,0,2023-10-31 04:47:00
36.2854,126.8784,305.2,1.3,1.1,Aqua,MODIS,43,61.03,294.5,6.7,D,0,2023-10-31 04:47:00
37.4846,127.8758,302.1,1.1,1.1,Aqua,MODIS,50,61.03,290.0,6.0,D,0,2023-10-31 04:47:00
37.9358,127.7327,302.8,1.1,1.1,Aqua,MODIS,26,61.03,290.2,4.2,D,2,2023-10-31 04:47:00
38.2452,128.2037,307.2,1.1,1.0,Aqua,MODIS,65,61.03,290.2,8.8,D,0,2023-10-31 04:47:00
36.005,129.3846,309.3,1.1,1.0,Terra,MODIS,59,61.03,296.5,5.9,D,2,2023-11-01 01:38:00
36.0035,129.3961,310.6,1.1,1.0,Terra,MODIS,61,61.03,298.1,6.9,D,2,2023-11-01 01:38:00
36.9872,126.6956,309.2,1.6,1.2,Terra,MODIS,0,61.03,296.9,10.9,D,2,2023-11-02 02:19:00
36.9839,126.7125,310.7,1.6,1.2,Terra,MODIS,53,61.03,297.3,13.0,D,2,2023-11-02 02:19:00
36.6414,127.3613,305.9,2.0,1.4,Aqua,MODIS,57,61.03,295.7,10.3,D,0,2023-11-02 04:32:00
36.9813,126.707,301.7,1.2,1.1,Terra,MODIS,43,61.03,289.9,8.2,N,2,2023-11-02 13:21:00
36.9829,126.6975,310.8,1.1,1.0,Aqua,MODIS,57,61.03,292.7,8.5,D,2,2023-11-03 05:13:00
36.4701,127.9108,300.2,1.0,1.0,Aqua,MODIS,0,61.03,285.8,2.2,D,0,2023-11-05 04:58:00
35.9948,129.3857,304.5,1.1,1.1,Aqua,MODIS,52,61.03,293.0,5.3,D,2,2023-11-07 04:43:00
37.4812,129.0554,303.2,1.1,1.1,Aqua,MODIS,55,61.03,291.5,7.7,D,2,2023-11-07 04:43:00
36.0018,129.3966,305.3,1.3,1.1,Terra,MODIS,46,61.03,294.2,7.7,D,2,2023-11-08 01:29:00
36.9828,126.7007,302.7,1.2,1.1,Terra,MODIS,22,61.03,288.8,5.7,D,2,2023-11-09 02:09:00
36.9833,126.7054,303.7,1.0,1.0,Aqua,MODIS,49,61.03,289.1,7.0,D,2,2023-11-10 05:10:00
36.9847,126.7252,308.0,1.1,1.0,Aqua,MODIS,38,61.03,282.7,10.8,D,2,2023-11-12 04:55:00
36.9895,126.6988,308.0,1.5,1.2,Terra,MODIS,0,61.03,284.4,18.1,D,2,2023-11-13 01:36:00
36.9833,126.7021,302.8,1.5,1.2,Terra,MODIS,41,61.03,286.9,11.3,D,2,2023-11-14 02:16:00
35.1582,127.9594,301.7,1.6,1.2,Aqua,MODIS,42,61.03,285.6,12.2,D,2,2023-11-14 04:39:00
35.2422,128.1613,301.4,1.5,1.2,Aqua,MODIS,44,61.03,287.3,10.0,D,0,2023-11-14 04:39:00
37.4797,129.0524,300.6,1.2,1.1,Aqua,MODIS,39,61.03,287.7,7.7,D,2,2023-11-14 04:40:00
35.8406,128.4187,300.8,1.1,1.0,Aqua,MODIS,39,61.03,287.7,5.8,D,0,2023-11-19 04:51:00
36.9828,126.7116,300.4,1.0,1.0,Terra,MODIS,27,61.03,280.6,7.9,N,2,2023-11-21 13:09:00
36.9756,126.7083,301.4,1.2,1.1,Aqua,MODIS,43,61.03,288.4,6.4,D,2,2023-11-22 05:17:00
37.4816,129.0585,304.6,1.0,1.0,Terra,MODIS,59,61.03,290.8,6.2,D,2,2023-11-23 01:49:00
34.8103,126.7758,300.2,1.0,1.0,Terra,MODIS,32,61.03,287.9,4.3,D,0,2023-11-23 01:50:00
36.9864,126.692,303.4,1.0,1.0,Terra,MODIS,32,61.03,288.1,5.4,D,2,2023-11-23 01:50:00
36.9849,126.7035,310.0,1.0,1.0,Terra,MODIS,69,61.03,290.4,10.5,D,2,2023-11-23 01:50:00
36.9833,126.7149,303.9,1.0,1.0,Terra,MODIS,43,61.03,289.4,6.2,D,2,2023-11-23 01:50:00
35.2484,128.1612,303.6,1.0,1.0,Terra,MODIS,57,61.03,289.3,5.5,D,0,2023-11-23 01:50:00
35.0952,128.8615,305.9,1.0,1.0,Terra,MODIS,47,61.03,291.3,6.3,D,2,2023-11-23 01:50:00
36.9829,126.7286,303.7,1.0,1.0,Terra,MODIS,43,61.03,280.2,8.4,D,2,2023-11-28 01:57:00
36.0171,129.1793,300.7,1.0,1.0,Terra,MODIS,40,61.03,275.3,8.5,D,0,2023-11-30 01:40:00
36.9827,126.7085,303.4,1.3,1.1,Aqua,MODIS,55,61.03,275.1,15.1,N,2,2023-12-02 17:40:00
35.938,126.6242,313.8,1.1,1.0,Terra,MODIS,0,61.03,279.7,16.8,D,0,2023-12-03 02:04:00
34.9464,126.3267,302.5,1.1,1.0,Terra,MODIS,46,61.03,280.9,7.9,D,0,2023-12-03 02:04:00
36.9784,126.7041,300.2,1.4,1.2,Aqua,MODIS,25,61.03,286.2,8.6,D,2,2023-12-04 05:24:00
35.9225,128.9179,300.2,1.8,1.3,Terra,MODIS,28,61.03,284.1,11.4,D,0,2023-12-08 02:10:00
36.9902,126.7003,306.4,1.3,1.1,Terra,MODIS,0,61.03,287.6,8.6,D,2,2023-12-08 02:10:00
36.9827,126.6905,304.8,1.2,1.1,Aqua,MODIS,39,61.03,290.1,7.5,D,2,2023-12-08 04:54:00
36.9849,126.7032,306.7,1.2,1.1,Aqua,MODIS,59,61.03,291.2,8.9,D,2,2023-12-08 04:54:00
37.4839,129.0521,303.4,1.0,1.0,Aqua,MODIS,56,61.03,290.3,5.9,D,2,2023-12-08 04:54:00
36.9844,126.7022,311.0,1.0,1.0,Terra,MODIS,81,61.03,286.3,13.9,N,2,2023-12-08 13:12:00
36.9829,126.6907,300.0,1.0,1.0,Terra,MODIS,2,61.03,284.8,6.7,N,2,2023-12-08 13:12:00
36.9853,126.7265,301.5,1.0,1.0,Terra,MODIS,18,61.03,285.8,4.9,D,2,2023-12-10 01:53:00
36.9887,126.6986,304.1,1.0,1.0,Terra,MODIS,58,61.03,274.0,11.4,N,2,2023-12-27 12:59:00
